{"type":"FeatureCollection","crs":{"type":"name","properties":{"name":"EPSG:4326"}},"features":[{"type":"Feature","geometry":{"type":"MultiPolygon","coordinates":[[[[-70.814281249,42.8772954470001],[-70.8153376939999,42.870266018],[-70.8072403639999,42.8349470070001],[-70.809152799,42.8262393250001],[-70.818267382,42.8239199890001],[-70.863758918,42.8262393250001],[-70.8536270819999,42.8169619810001],[-70.8441462879999,42.811997789],[-70.822743293,42.804429429],[-70.820220507,42.804348049],[-70.812652148,42.8052432310001],[-70.809152799,42.804429429],[-70.80577552,42.8012556010001],[-70.800770637,42.7925479190001],[-70.804351366,42.7803815780001],[-70.775095181,42.7163353540001],[-70.782622851,42.7089297550001],[-70.812408007,42.7421328800001],[-70.8235977859999,42.749863999],[-70.8196101549999,42.71873607],[-70.7984513009999,42.701890367],[-70.741607226,42.681626695],[-70.7571101549999,42.6754824890001],[-70.7652888659999,42.674302476],[-70.775095181,42.6747907570001],[-70.7571101549999,42.657212632],[-70.701324023,42.6533063820001],[-70.7000626289999,42.64061107],[-70.682281054,42.6321882180001],[-70.677683072,42.641343492],[-70.6795548169999,42.66795482],[-70.671416796,42.6771100930001],[-70.658965624,42.684312242],[-70.631743944,42.694606838],[-70.6336563789999,42.6800397810001],[-70.6299128899999,42.67206452],[-70.621245898,42.668687242],[-70.607858853,42.66795482],[-70.5980525379999,42.664984442],[-70.599395312,42.657700914],[-70.602202929,42.64866771],[-70.597035286,42.64061107],[-70.597035286,42.6344668640001],[-70.611480273,42.634507554],[-70.6184382799999,42.62885163],[-70.6234431629999,42.6204694680001],[-70.631743944,42.612738348],[-70.642486132,42.606675523],[-70.6473282539999,42.604518947],[-70.6658829419999,42.6064720720001],[-70.666940884,42.6085065780001],[-70.66909746,42.6116804060001],[-70.674753384,42.6122907570001],[-70.6863907539999,42.6064720720001],[-70.695668098,42.5973981790001],[-70.701324023,42.588568427],[-70.708892382,42.581813869],[-70.810292121,42.5628115910001],[-70.861398892,42.5469424500001],[-70.878000455,42.537543036],[-70.870594856,42.5307070980001],[-70.878895637,42.5259463560001],[-70.8851212229999,42.5199649110001],[-70.889312304,42.5122744810001],[-70.89167233,42.5027529970001],[-70.877797004,42.5078799500001],[-70.86432858,42.5182966170001],[-70.8541153639999,42.52366771],[-70.850087043,42.5136579450001],[-70.840321418,42.504868882],[-70.838205533,42.499172268],[-70.846750455,42.496568101],[-70.855295377,42.495062567],[-70.860747851,42.491359768],[-70.865223762,42.4868838560001],[-70.8851212229999,42.4728457700001],[-70.89167233,42.4693057310001],[-70.89940345,42.468166408],[-70.915516731,42.469427802],[-70.922108528,42.465562242],[-70.925404426,42.4531924500001],[-70.9175512359999,42.4427757830001],[-70.904286262,42.4343936220001],[-70.89167233,42.4282901060001],[-70.9163712229999,42.4224307310001],[-70.9436742829999,42.446966864],[-70.963042773,42.438299872],[-70.973378059,42.4251162780001],[-70.974354621,42.4164492860001],[-70.9661759109999,42.400376695],[-70.963042773,42.378363348],[-70.9603165359999,42.3690453150001],[-70.9525040359999,42.3594424500001],[-70.9672745429999,42.3607445330001],[-70.9836319649999,42.3766136740001],[-70.99718177,42.3805606140001],[-71.007232226,42.3775902360001],[-71.005848762,42.3707949890001],[-70.9976700509999,42.363674221],[-70.987212694,42.3594424500001],[-71.006011523,42.357123114],[-71.022694465,42.3666445980001],[-71.036854621,42.372463283],[-71.0486954419999,42.3594424500001],[-71.0374242829999,42.3570010440001],[-71.0276993479999,42.353583075],[-71.020008918,42.347967841],[-71.014556444,42.3389346370001],[-71.0298559239999,42.337836005],[-71.0423070949999,42.3317731790001],[-71.046783007,42.3215192730001],[-71.038441536,42.307928778],[-71.027211067,42.300482489],[-71.017811653,42.300197658],[-70.9934789699999,42.310980536],[-70.9988907539999,42.283758856],[-70.983509895,42.279608466],[-70.962880012,42.2802188170001],[-70.9525040359999,42.2672386740001],[-70.955311653,42.2617862000001],[-70.9661759109999,42.2538109400001],[-70.9661759109999,42.2495791690001],[-70.961781379,42.24624258],[-70.955311653,42.243312893],[-70.949533658,42.242824611],[-70.946888801,42.246486721],[-70.940500455,42.2459984400001],[-70.925770637,42.2503929710001],[-70.909535286,42.2572289080001],[-70.8985082669999,42.2638613950001],[-70.8871964179999,42.2505557310001],[-70.8753962879999,42.2544619810001],[-70.867339648,42.264837958],[-70.8670955069999,42.270656643],[-70.88011634,42.276678778],[-70.89191647,42.2907168640001],[-70.899077929,42.306586005],[-70.8985082669999,42.3184268250001],[-70.855783658,42.283921617],[-70.8314102859999,42.2696800800001],[-70.7838028639999,42.259670315],[-70.7615860669999,42.249212958],[-70.741810676,42.2356631530001],[-70.716297981,42.211859442],[-70.7137345039999,42.205145575],[-70.7134903639999,42.175360419],[-70.713124153,42.1724307310001],[-70.708363411,42.172186591],[-70.6958715489999,42.1638858090001],[-70.6782120429999,42.1441104190001],[-70.652984179,42.109035549],[-70.6309708319999,42.092515367],[-70.636138476,42.075425523],[-70.627756314,42.059149481],[-70.597564257,42.0230980490001],[-70.5921931629999,42.0200869810001],[-70.5908096999999,42.017320054],[-70.596791145,42.0106468770001],[-70.60676022,42.004584052],[-70.6172989569999,42.0032412780001],[-70.627919075,42.005560614],[-70.63780677,42.0106468770001],[-70.632883267,42.012111721],[-70.6236059239999,42.016058661],[-70.6172989569999,42.016791083],[-70.6293025379999,42.0443382830001],[-70.638905403,42.0589053410001],[-70.6483455069999,42.0652529970001],[-70.655751106,42.0580101580001],[-70.6651098299999,42.0106468770001],[-70.675038215,42.0147158870001],[-70.682850715,42.016058661],[-70.690337694,42.0147158870001],[-70.7148331369999,42.002671617],[-70.654937304,41.9570987000001],[-70.623687304,41.9550641950001],[-70.604969856,41.952541408],[-70.565825976,41.9553897160001],[-70.544992642,41.9406192080001],[-70.5296524729999,41.9064802100001],[-70.523915168,41.868394273],[-70.531646288,41.8417829450001],[-70.533111132,41.8162295590001],[-70.504261848,41.7900251320001],[-70.4391983709999,41.756089585],[-70.400868293,41.745021877],[-70.27472897,41.736273505],[-70.289865689,41.731634833],[-70.326486783,41.731390692],[-70.3395076159999,41.7257347680001],[-70.335194465,41.7192243510001],[-70.315256314,41.715562242],[-70.27472897,41.715155341],[-70.243723111,41.7241071640001],[-70.191314257,41.747056382],[-70.100819465,41.765936591],[-70.0702413549999,41.773458363],[-70.03644772,41.7858340520001],[-70.021473762,41.790920315],[-70.0001114569999,41.81631094],[-70.0038453799999,41.8462962570001],[-70.0018204419999,41.8819033870001],[-70.021473762,41.906927802],[-70.0115860669999,41.9068871110001],[-70.003163215,41.908596096],[-69.9866837229999,41.913763739],[-69.9866837229999,41.9212100280001],[-70.006011523,41.922837632],[-70.018666145,41.930080471],[-70.0281469389999,41.937974351],[-70.0379125639999,41.94163646],[-70.0518285799999,41.935248114],[-70.057362434,41.904242255],[-70.068674283,41.893296617],[-70.071840606,41.9276789620001],[-70.074490304,41.947629265],[-70.0797900329999,41.995005957],[-70.083785087,42.0124540480001],[-70.09985153,42.0373902520001],[-70.1380962359999,42.057351722],[-70.165618559,42.063835382],[-70.189793966,42.049382909],[-70.192128059,42.0379092470001],[-70.176665819,42.037502346],[-70.1716202459999,42.0379092470001],[-70.1708078359999,42.027879022],[-70.1892742479999,42.0178599870001],[-70.2025563049999,42.0262031780001],[-70.224615564,42.0503809180001],[-70.2313506569999,42.0572384270001],[-70.240090437,42.0592265410001],[-70.24681975,42.0614680910001],[-70.2443117219999,42.068718454],[-70.236596394,42.0758551420001],[-70.22937676,42.0806161480001],[-70.215764131,42.0846425320001],[-70.1922199099999,42.08606201],[-70.1676617099999,42.082976925],[-70.146466264,42.0810109000001],[-70.117863495,42.0738053600001],[-70.0811977749999,42.0583536580001],[-70.051123478,42.0397526340001],[-70.01401153,41.9989405190001],[-69.982167982,41.953621164],[-69.943255323,41.8576252610001],[-69.924672004,41.8380801450001],[-69.9277237619999,41.8348656270001],[-69.9310196609999,41.8329531920001],[-69.93468177,41.8320987],[-69.938872851,41.8318545590001],[-69.953358528,41.8408877620001],[-69.9639611799999,41.843532877],[-69.9720352859999,41.8391787780001],[-69.975738085,41.810532945],[-69.979847786,41.79706452],[-69.9566544259999,41.8078067080001],[-69.9420059889999,41.8064639340001],[-69.934234179,41.79295482],[-69.932525194,41.7410342470001],[-69.938872851,41.674221096],[-69.9781388009999,41.681830145],[-70.136870898,41.660549221],[-70.1852921209999,41.660549221],[-70.217355924,41.6482608090001],[-70.229644335,41.646226304],[-70.239898241,41.643255927],[-70.248524543,41.635687567],[-70.264149543,41.6161563170001],[-70.272775845,41.610581773],[-70.271229621,41.6210391300001],[-70.261057095,41.646226304],[-70.2759903639999,41.644232489],[-70.3030492829999,41.634751695],[-70.319081184,41.6326358090001],[-70.3519587879999,41.635199286],[-70.365874804,41.63279857],[-70.380848762,41.622992255],[-70.39159095,41.6192080750001],[-70.4058731759999,41.6375186220001],[-70.4180802069999,41.640041408],[-70.428374804,41.6319033870001],[-70.459095832,41.591620184],[-70.4798477859999,41.573879299],[-70.504261848,41.563706773],[-70.532704231,41.5591494810001],[-70.565825976,41.5581729190001],[-70.5960587229999,41.553045966],[-70.658681675,41.521349108],[-70.685617642,41.5308291690001],[-70.661732551,41.550482489],[-70.652495898,41.5780296900001],[-70.6520076159999,41.654242255],[-70.6570938789999,41.6705589860001],[-70.6582738919999,41.684475002],[-70.6520076159999,41.6939151060001],[-70.6399633449999,41.7022972680001],[-70.631906705,41.71112702],[-70.63780677,41.721991278],[-70.6281632149999,41.7280947940001],[-70.6236059239999,41.7294375670001],[-70.630604621,41.740139065],[-70.6400040359999,41.740952867],[-70.6481827459999,41.7341983090001],[-70.651437955,41.721991278],[-70.6582738919999,41.721991278],[-70.6898087229999,41.7396914730001],[-70.710438606,41.748032945],[-70.7197159499999,41.7461612],[-70.7232966789999,41.713771877],[-70.721913215,41.701605536],[-70.712880012,41.6878115910001],[-70.73932858,41.6901309270001],[-70.749094205,41.6797549500001],[-70.7560929029999,41.663031317],[-70.774322069,41.646226304],[-70.7860408189999,41.6604678410001],[-70.79784095,41.658880927],[-70.8057348299999,41.651027736],[-70.8057348299999,41.646226304],[-70.8050024079999,41.642564195],[-70.8211156889999,41.6349958350001],[-70.840565559,41.62889232],[-70.850087043,41.6295433610001],[-70.843983528,41.6039492860001],[-70.845204231,41.592474677],[-70.856922981,41.591620184],[-70.862904426,41.5972354190001],[-70.8699845039999,41.6158714860001],[-70.874256965,41.622992255],[-70.8810115229999,41.627915757],[-70.9053848949999,41.640041408],[-70.9073380199999,41.614935614],[-70.9209692049999,41.5983340520001],[-70.931630012,41.580267645],[-70.9251602859999,41.55072663],[-70.9476212229999,41.5364444030001],[-70.9597061839999,41.53119538],[-70.9736221999999,41.5308291690001],[-70.972238736,41.53510163],[-70.970936653,41.5376651060001],[-71.0154516269999,41.5122744810001],[-71.0401505199999,41.5071475280001],[-71.0698136059999,41.5171572940001],[-71.049468554,41.5237490910001],[-71.0438533189999,41.536851304],[-71.049305793,41.551947333],[-71.0623673169999,41.5643578150001],[-71.062123176,41.543850002],[-71.0737198559999,41.538723049],[-71.110747851,41.543850002],[-71.101551887,41.528306382],[-71.097157356,41.52338288],[-71.121896939,41.5130069030001],[-71.121965638,41.512959386],[-71.121966596,41.5129679550001],[-71.122918744,41.521488463],[-71.1256531189999,41.546122252],[-71.128387494,41.5707560410001],[-71.131121869,41.595414244],[-71.133856244,41.598148619],[-71.136590619,41.6008829950001],[-71.1393249939999,41.6036173690001],[-71.142059369,41.606376158],[-71.1393249939999,41.620072447],[-71.136590619,41.633744322],[-71.133856244,41.6474406110001],[-71.131121869,41.6611369],[-71.1475769469999,41.665238463],[-71.1639831969999,41.6693400250001],[-71.180438275,41.673441588],[-71.193955884,41.67685759],[-71.193961004,41.676861493],[-71.1939591139999,41.676865953],[-71.1902563139999,41.6856143250001],[-71.135568814,41.7555199240001],[-71.110747851,41.79706452],[-71.1260473299999,41.792425848],[-71.138091601,41.779933986],[-71.169545051,41.7333031270001],[-71.1762589179999,41.72662995],[-71.185902473,41.721991278],[-71.2079972,41.7291527360001],[-71.221058723,41.731390692],[-71.226877408,41.7257347680001],[-71.2289932929999,41.7209333350001],[-71.236846483,41.7095807960001],[-71.236858304,41.709563687],[-71.267840619,41.7498087750001],[-71.2862488219999,41.761063658],[-71.2960144469999,41.7635538930001],[-71.307440228,41.7683634630001],[-71.32379765,41.777787292],[-71.3352234309999,41.789286314],[-71.340692181,41.7969035020001],[-71.342498822,41.803226744],[-71.3427917909999,41.80854901],[-71.338006635,41.842411314],[-71.3395203059999,41.852494322],[-71.3396667909999,41.857255064],[-71.337176556,41.865848815],[-71.336077924,41.8718790880001],[-71.335565228,41.8791056500001],[-71.337567181,41.890409361],[-71.341131635,41.8941691270001],[-71.349139447,41.8953654160001],[-71.368035931,41.894462096],[-71.3759460879999,41.8960978380001],[-71.3790222599999,41.901371275],[-71.3805359309999,41.9079386580001],[-71.384100385,41.9709025250001],[-71.3859070249999,42.002323424],[-71.3870789,42.0158244],[-71.438934369,42.0164103380001],[-71.5294128849999,42.015067564],[-71.6198914,42.013675963],[-71.710345502,42.0122599470001],[-71.800799603,42.0109171740001],[-71.801580853,42.021683775],[-71.9157898379999,42.0222941270001],[-72.063543744,42.024515807],[-72.2112488219999,42.0266886590001],[-72.3589538999999,42.0288615110001],[-72.506756635,42.0310343610001],[-72.5573913999999,42.031742369],[-72.5756531189999,42.0247599470001],[-72.584198041,42.02441815],[-72.5970398379999,42.0260783080001],[-72.620330853,42.0314982280001],[-72.7575867129999,42.033036315],[-72.763299603,42.010209166],[-72.8064148379999,42.0069865100001],[-72.8076355409999,42.033036315],[-72.8617371029999,42.0367716660001],[-72.9258484309999,42.0387003770001],[-72.9933288999999,42.0405802600001],[-73.1151062439999,42.044047057],[-73.2369324159999,42.047562682],[-73.358758588,42.051029478],[-73.480535931,42.0545451030001],[-73.5072449159999,42.07898358],[-73.500994916,42.0971232280001],[-73.487664838,42.133939635],[-73.4615417909999,42.2061320180001],[-73.435369916,42.278348814],[-73.409246869,42.350590025],[-73.3830749939999,42.4227824080001],[-73.356903119,42.494974791],[-73.3307312439999,42.567216002],[-73.3045837829999,42.6394572130001],[-73.278436322,42.711649596],[-73.269915814,42.7352091660001],[-73.2655156909999,42.7456012440001],[-73.2052705369999,42.745345967],[-73.147326515,42.744182548],[-73.097662667,42.744182548],[-73.0499464209999,42.7422349460001],[-73.000282573,42.7412611450001],[-72.951592526,42.7412611450001],[-72.909149213,42.7415812360001],[-72.860028119,42.740238463],[-72.810858197,42.738846861],[-72.761737103,42.737504088],[-72.712567181,42.7361369000001],[-72.66339726,42.734720885],[-72.614276166,42.733353697],[-72.5651062439999,42.7320109240001],[-72.5159607359999,42.7306193220001],[-72.466815228,42.7292765490001],[-72.4667175719999,42.729227721],[-72.466571088,42.729227721],[-72.4664490169999,42.729227721],[-72.466375775,42.729227721],[-72.4662292909999,42.729227721],[-72.466131635,42.729227721],[-72.46598515,42.729227721],[-72.465887494,42.729227721],[-72.465789838,42.729227721],[-72.465643353,42.729227721],[-72.465521283,42.729227721],[-72.4653992129999,42.729227721],[-72.465301556,42.729227721],[-72.465179486,42.729227721],[-72.465057416,42.729227721],[-72.464910931,42.729227721],[-72.3939636659999,42.727469908],[-72.3229675719999,42.725712096],[-72.252020306,42.7240031120001],[-72.1810730409999,42.722269713],[-72.110125775,42.7205363140001],[-72.0391785099999,42.718851745],[-71.96820683,42.7170939320001],[-71.897259564,42.715336119],[-71.826336713,42.713578307],[-71.755340619,42.711844908],[-71.6843445249999,42.710135924],[-71.61339726,42.7084025250001],[-71.542449994,42.7066447130001],[-71.4714538999999,42.7049357280001],[-71.4005066349999,42.703177917],[-71.3295593689999,42.7014445180001],[-71.306317181,42.7008585800001],[-71.296307416,42.7020548690001],[-71.2883972599999,42.7048869000001],[-71.273651166,42.713212096],[-71.2590759709999,42.7239054550001],[-71.245477338,42.7366740100001],[-71.2378601499999,42.740458189],[-71.2275574159999,42.7437540880001],[-71.208026166,42.7480997910001],[-71.19620976,42.752152525],[-71.185858197,42.760746275],[-71.1818054629999,42.767508971],[-71.172723431,42.786258972],[-71.164862103,42.7968790880001],[-71.1607361269999,42.8014201030001],[-71.151629681,42.8097208850001],[-71.146307416,42.813187682],[-71.1409851499999,42.8159464710001],[-71.13292851,42.818216979],[-71.1230164,42.8193888530001],[-71.105975385,42.8187296740001],[-71.094500775,42.817118346],[-71.0833191349999,42.817069518],[-71.07379765,42.8193888530001],[-71.060760541,42.826420103],[-71.05336308,42.83198651],[-71.0386414,42.8453410020001],[-71.033465619,42.8489054550001],[-71.0225037049999,42.854740416],[-70.925555463,42.8865275250001],[-70.9164246029999,42.8867960800001],[-70.904510541,42.8854044780001],[-70.870916791,42.8746867050001],[-70.8499695249999,42.8706583850001],[-70.814281249,42.8772954470001]]],[[[-70.002105273,41.5537783870001],[-70.021473762,41.55072663],[-69.981027799,41.6276716170001],[-69.9730118479999,41.6537132830001],[-69.965077278,41.651353257],[-69.961293098,41.646958726],[-69.959950325,41.6406924500001],[-69.9593806629999,41.6326358090001],[-69.976226366,41.612290757],[-70.002105273,41.5537783870001]]],[[[-70.7683059419999,41.459546233],[-70.7908163439999,41.449198852],[-70.808457404,41.4469461590001],[-70.832950696,41.4424653800001],[-70.8398605889999,41.450530765],[-70.828125196,41.457181823],[-70.813402838,41.455017817],[-70.802652705,41.4631331070001],[-70.782123843,41.478623419],[-70.742966653,41.5007658610001],[-70.724354384,41.5110996550001],[-70.7106381579999,41.5192139760001],[-70.694925508,41.517037162],[-70.6791940139999,41.510449556],[-70.6997843219999,41.5023267500001],[-70.7183983879999,41.4919981790001],[-70.742893236,41.481654371],[-70.758565157,41.475740581],[-70.757554009,41.468392619],[-70.7683059419999,41.459546233]]],[[[-70.593006965,41.471665757],[-70.603667773,41.448228257],[-70.5887751939999,41.4541690120001],[-70.5794978509999,41.4658877620001],[-70.570423957,41.4739444030001],[-70.55589759,41.46873607],[-70.5457657539999,41.4539248720001],[-70.5462540359999,41.444281317],[-70.556548632,41.436509507],[-70.576405403,41.4278018250001],[-70.5633438789999,41.418687242],[-70.5493057929999,41.4145368510001],[-70.5174047519999,41.413519598],[-70.5074356759999,41.3626162780001],[-70.5250138009999,41.3590762390001],[-70.666005012,41.3570010440001],[-70.69627845,41.3515078800001],[-70.72394772,41.342718817],[-70.7476700509999,41.3310000670001],[-70.7759089829999,41.304388739],[-70.78640703,41.304144598],[-70.8046768869999,41.3125674500001],[-70.814971483,41.3207054710001],[-70.834055142,41.3399112000001],[-70.8462214829999,41.3466657570001],[-70.8462214829999,41.3540713560001],[-70.781971809,41.354234117],[-70.754505989,41.3725039730001],[-70.7421768869999,41.3848330750001],[-70.715321418,41.420355536],[-70.702626106,41.4278018250001],[-70.6896052729999,41.433091539],[-70.659901496,41.4565290390001],[-70.6051326159999,41.474025783],[-70.593006965,41.471665757]]],[[[-70.927916693,41.418619697],[-70.9386654939999,41.4112200550001],[-70.948503409,41.41412356],[-70.940677534,41.4207749150001],[-70.926029891,41.42891685],[-70.9113351399999,41.429705943],[-70.897646196,41.436371808],[-70.871176229,41.4386695100001],[-70.8594645159999,41.4482650530001],[-70.856493552,41.4431277610001],[-70.8485984879999,41.434332142],[-70.8544535839999,41.4291676230001],[-70.8759837589999,41.422480529],[-70.892653935,41.422422083],[-70.906385822,41.4223710970001],[-70.927916693,41.418619697]]],[[[-70.446685351,41.3674177100001],[-70.452870246,41.358872789],[-70.4654841789999,41.360256252],[-70.481271939,41.369574286],[-70.494781054,41.382310289],[-70.500599739,41.3936221370001],[-70.486927864,41.4026553410001],[-70.4706925119999,41.420314846],[-70.455718554,41.42963288],[-70.446034309,41.413519598],[-70.4449356759999,41.382025458],[-70.446685351,41.3674177100001]]],[[[-70.019202134,41.3701168380001],[-70.0052791009999,41.342718817],[-69.974964973,41.302191473],[-69.95775982,41.2757479],[-69.967149246,41.2494528540001],[-70.001129884,41.2392566140001],[-70.0430384909999,41.243333906],[-70.0975960609999,41.2418296380001],[-70.137745229,41.2471523660001],[-70.2331436839999,41.283758856],[-70.256348599,41.292767142],[-70.2781123979999,41.307906609],[-70.272358117,41.3113475810001],[-70.2562877869999,41.309160085],[-70.240816119,41.300931916],[-70.217287878,41.2974271320001],[-70.161051147,41.292966801],[-70.124288157,41.2958709420001],[-70.1068009109999,41.2952334660001],[-70.0977677069999,41.290432033],[-70.0897110669999,41.289984442],[-70.081939257,41.2925479190001],[-70.07140052,41.3015811220001],[-70.046009895,41.307562567],[-70.031402148,41.317531643],[-70.020090299,41.330796617],[-70.0140274729999,41.344631252],[-70.03233802,41.3395042990001],[-70.0602921209999,41.31663646],[-70.076079882,41.3111026060001],[-70.0443009109999,41.350978908],[-70.037220832,41.3728701840001],[-70.054149405,41.3926860190001],[-70.0523961889999,41.3965624830001],[-70.039745776,41.394359283],[-70.0288700529999,41.386119721],[-70.019202134,41.3701168380001]]],[[[-70.801756295,41.248076234],[-70.8109025499999,41.2480458050001],[-70.823108237,41.250759965],[-70.832282439,41.2566917980001],[-70.830471038,41.260365562],[-70.8219345909999,41.26039267],[-70.8140206169999,41.2631674290001],[-70.809126442,41.259514254],[-70.801797509,41.2567845450001],[-70.801756295,41.248076234]]]]},"properties":{"NAME":"Massachusetts","NAME_LONG":"Massachusetts","ABBREV":"Mass."}},{"type":"Feature","geometry":{"type":"Polygon","coordinates":[[[-71.800799603,42.0109171740001],[-71.800189252,41.95320233],[-71.7995789,41.895414244],[-71.798992963,41.837674986],[-71.7984070249999,41.779960144],[-71.797821088,41.7222208850001],[-71.79723515,41.664481627],[-71.7966247989999,41.6067179550001],[-71.7960632749999,41.548978697],[-71.795745892,41.518900572],[-71.7991882749999,41.477469908],[-71.804461713,41.415726744],[-71.817523236,41.4131388530001],[-71.823846478,41.405228697],[-71.829827924,41.3917033070001],[-71.8386902279999,41.341239439],[-71.844964642,41.321512877],[-71.847167578,41.310815822],[-71.8714746749999,41.302575088],[-71.8779139979999,41.3115122180001],[-71.8565340039999,41.3225013850001],[-71.8623754549999,41.3325869810001],[-71.8721410799999,41.339260158],[-71.885365364,41.344631252],[-71.8980606759999,41.3465029970001],[-71.9632462229999,41.3453636740001],[-71.972889778,41.3436953800001],[-72.0362442699999,41.3178571640001],[-72.083404101,41.352036851],[-72.095122851,41.346096096],[-72.1011449859999,41.322455145],[-72.110707161,41.3111026060001],[-72.135406054,41.3120791690001],[-72.168039517,41.322455145],[-72.194325325,41.323797919],[-72.2000626289999,41.2974307310001],[-72.226918098,41.310695705],[-72.287953254,41.282945054],[-72.3198949859999,41.2936872420001],[-72.327015754,41.2987328150001],[-72.3410538399999,41.303371486],[-72.3471573559999,41.3073184270001],[-72.350412564,41.314642645],[-72.347808398,41.3216006530001],[-72.343983528,41.3292910830001],[-72.3434138659999,41.3383649760001],[-72.348378059,41.348334052],[-72.358225064,41.3579776060001],[-72.3727107409999,41.364732164],[-72.39183509,41.3662783870001],[-72.38019772,41.350083726],[-72.3636368479999,41.3369001320001],[-72.354359504,41.3212344420001],[-72.36457272,41.2974307310001],[-72.354888476,41.291449286],[-72.3509008449999,41.289984442],[-72.369781054,41.276597398],[-72.390777148,41.277777411],[-72.433461067,41.289984442],[-72.452626106,41.2879092470001],[-72.475087043,41.2810733090001],[-72.495269335,41.2703311220001],[-72.507923957,41.2564151060001],[-72.5133357409999,41.2610537780001],[-72.51691647,41.262925523],[-72.519520637,41.2649600280001],[-72.5222061839999,41.270168361],[-72.529652473,41.270168361],[-72.540638801,41.263657945],[-72.581898567,41.2787539730001],[-72.604807095,41.283758856],[-72.6617732409999,41.2740746110001],[-72.6710505849999,41.2674828150001],[-72.6787817049999,41.260484117],[-72.686675585,41.2564151060001],[-72.6993302069999,41.256577867],[-72.7090958319999,41.2605654970001],[-72.7178848949999,41.26585521],[-72.7276505199999,41.270168361],[-72.7413223949999,41.272162177],[-72.779449023,41.270168361],[-72.789784309,41.2673200540001],[-72.806019661,41.25775788],[-72.813343879,41.2595889340001],[-72.826511669,41.2565080120001],[-72.8428920079999,41.258471221],[-72.856066571,41.2454188250001],[-72.892426695,41.2449747430001],[-72.895725821,41.2555824460001],[-72.8952530589999,41.26585521],[-72.903146939,41.277167059],[-72.905832486,41.300523179],[-72.9099828769999,41.3051211610001],[-72.9189346999999,41.2986514340001],[-72.927357551,41.288804429],[-72.9300430979999,41.283758856],[-72.967274543,41.2564151060001],[-72.9929093089999,41.228989976],[-73.002023892,41.2217471370001],[-73.0138277679999,41.2067237850001],[-73.038437613,41.205227028],[-73.053537564,41.211737372],[-73.06371009,41.204779364],[-73.0855199859999,41.1970075540001],[-73.094471809,41.19131094],[-73.103749153,41.1803653020001],[-73.107411262,41.174709377],[-73.110591826,41.1619425880001],[-73.1084850809999,41.148708693],[-73.134237147,41.1472072620001],[-73.155086967,41.1588587000001],[-73.164338143,41.165109096],[-73.1701096629999,41.1695710710001],[-73.1840677009999,41.17410875],[-73.1842775379999,41.161773039],[-73.208914856,41.156722824],[-73.2158097,41.163031317],[-73.219105598,41.166001695],[-73.2210994129999,41.167141018],[-73.2251684239999,41.1632754580001],[-73.2242322499999,41.149812032],[-73.227855537,41.142795121],[-73.233800506,41.13668144],[-73.244462404,41.127966256],[-73.2621272419999,41.120185131],[-73.2715212419999,41.1176220370001],[-73.2783386509999,41.1300174910001],[-73.286452312,41.134492373],[-73.293648323,41.1230947790001],[-73.301933496,41.116990281],[-73.315993465,41.1153389980001],[-73.332381085,41.1137124370001],[-73.350026932,41.106797636],[-73.364068015,41.1060252],[-73.3719376289999,41.101955471],[-73.3797501289999,41.100165106],[-73.423736132,41.0777041690001],[-73.437611457,41.0730654970001],[-73.474598762,41.0547549500001],[-73.485218879,41.053859768],[-73.5041986049999,41.0425676790001],[-73.523211029,41.021490678],[-73.537123986,41.0312783560001],[-73.546701627,41.0288760440001],[-73.5648494129999,41.018947658],[-73.5899935289999,41.0147913810001],[-73.5968750709999,41.02367037],[-73.603923339,41.0228157110001],[-73.611147365,41.0113362050001],[-73.6193673339999,41.008738009],[-73.6345819639999,41.007055073],[-73.6417001139999,41.0017739090001],[-73.642862592,41.0010667630001],[-73.6474927419999,41.0123194750001],[-73.65036015,41.0191447130001],[-73.6553650329999,41.027762877],[-73.658660931,41.031009947],[-73.661004681,41.032645689],[-73.6656433529999,41.03511151],[-73.6689148379999,41.038016783],[-73.693450971,41.067460143],[-73.7174499939999,41.0963419780001],[-73.722967572,41.103495299],[-73.708856244,41.1106242060001],[-73.664813275,41.131351744],[-73.609295697,41.157425964],[-73.5487488219999,41.185966002],[-73.499969525,41.2088419780001],[-73.484100385,41.2179240100001],[-73.4991394469999,41.2344279160001],[-73.512200971,41.251737486],[-73.5261902279999,41.2702921740001],[-73.544696088,41.2949259630001],[-73.543035931,41.313920104],[-73.539129681,41.3601603380001],[-73.5352478459999,41.406473814],[-73.5313415959999,41.452762877],[-73.5274109309999,41.4990763530001],[-73.5235046809999,41.5453165880001],[-73.519549603,41.5916544780001],[-73.515692181,41.6379191270001],[-73.511785931,41.6842326030001],[-73.507855267,41.730472838],[-73.5039734309999,41.776786314],[-73.5000671809999,41.8230753770001],[-73.4961609309999,41.8693888530001],[-73.4922302669999,41.9156535020001],[-73.488299603,41.9619913930001],[-73.484417767,42.008231627],[-73.480535931,42.0545451030001],[-73.358758588,42.051029478],[-73.2369324159999,42.047562682],[-73.1151062439999,42.044047057],[-72.9933288999999,42.0405802600001],[-72.9258484309999,42.0387003770001],[-72.8617371029999,42.0367716660001],[-72.8076355409999,42.033036315],[-72.8064148379999,42.0069865100001],[-72.763299603,42.010209166],[-72.7575867129999,42.033036315],[-72.620330853,42.0314982280001],[-72.5970398379999,42.0260783080001],[-72.584198041,42.02441815],[-72.5756531189999,42.0247599470001],[-72.5573913999999,42.031742369],[-72.506756635,42.0310343610001],[-72.3589538999999,42.0288615110001],[-72.2112488219999,42.0266886590001],[-72.063543744,42.024515807],[-71.9157898379999,42.0222941270001],[-71.801580853,42.021683775],[-71.800799603,42.0109171740001]]]},"properties":{"NAME":"Connecticut","NAME_LONG":"Connecticut","ABBREV":"Conn."}},{"type":"Feature","geometry":{"type":"Polygon","coordinates":[[[-70.744089322,43.0838076840001],[-70.754505989,43.058986721],[-70.7324926419999,43.0632998720001],[-70.7095434239999,43.065171617],[-70.70421302,43.0589053410001],[-70.7084854809999,43.0452334660001],[-70.7158910799999,43.032171942],[-70.7197159499999,43.02757396],[-70.7283829419999,43.0112979190001],[-70.781809049,42.94912344],[-70.8032934239999,42.9138858090001],[-70.811879036,42.8931338560001],[-70.814279752,42.877305406],[-70.814281249,42.8772954470001],[-70.8499695249999,42.8706583850001],[-70.870916791,42.8746867050001],[-70.904510541,42.8854044780001],[-70.9164246029999,42.8867960800001],[-70.925555463,42.8865275250001],[-71.0225037049999,42.854740416],[-71.033465619,42.8489054550001],[-71.0386414,42.8453410020001],[-71.05336308,42.83198651],[-71.060760541,42.826420103],[-71.07379765,42.8193888530001],[-71.0833191349999,42.817069518],[-71.094500775,42.817118346],[-71.105975385,42.8187296740001],[-71.1230164,42.8193888530001],[-71.13292851,42.818216979],[-71.1409851499999,42.8159464710001],[-71.146307416,42.813187682],[-71.151629681,42.8097208850001],[-71.1607361269999,42.8014201030001],[-71.164862103,42.7968790880001],[-71.172723431,42.786258972],[-71.1818054629999,42.767508971],[-71.185858197,42.760746275],[-71.19620976,42.752152525],[-71.208026166,42.7480997910001],[-71.2275574159999,42.7437540880001],[-71.2378601499999,42.740458189],[-71.245477338,42.7366740100001],[-71.2590759709999,42.7239054550001],[-71.273651166,42.713212096],[-71.2883972599999,42.7048869000001],[-71.296307416,42.7020548690001],[-71.306317181,42.7008585800001],[-71.3295593689999,42.7014445180001],[-71.4005066349999,42.703177917],[-71.4714538999999,42.7049357280001],[-71.542449994,42.7066447130001],[-71.61339726,42.7084025250001],[-71.6843445249999,42.710135924],[-71.755340619,42.711844908],[-71.826336713,42.713578307],[-71.897259564,42.715336119],[-71.96820683,42.7170939320001],[-72.0391785099999,42.718851745],[-72.110125775,42.7205363140001],[-72.1810730409999,42.722269713],[-72.252020306,42.7240031120001],[-72.3229675719999,42.725712096],[-72.3939636659999,42.727469908],[-72.464910931,42.729227721],[-72.465057416,42.729227721],[-72.465179486,42.729227721],[-72.465301556,42.729227721],[-72.4653992129999,42.729227721],[-72.465521283,42.729227721],[-72.465643353,42.729227721],[-72.465789838,42.729227721],[-72.465887494,42.729227721],[-72.46598515,42.729227721],[-72.466131635,42.729227721],[-72.4662292909999,42.729227721],[-72.466375775,42.729227721],[-72.4664490169999,42.729227721],[-72.466571088,42.729227721],[-72.4667175719999,42.729227721],[-72.466815228,42.7292765490001],[-72.4667663999999,42.729447447],[-72.473309369,42.758524596],[-72.492791791,42.779203307],[-72.535662885,42.8120158070001],[-72.5441101499999,42.8230265490001],[-72.550018353,42.832889831],[-72.5538757749999,42.8442667830001],[-72.5561706969999,42.859818541],[-72.555462689,42.877958189],[-72.550531049,42.889676939],[-72.5432800719999,42.900126158],[-72.535662885,42.9144327990001],[-72.5287292909999,42.957865416],[-72.5218933529999,42.975516783],[-72.5046570249999,42.9826945180001],[-72.4805359309999,42.989164245],[-72.4709656189999,43.0057413930001],[-72.4667663999999,43.0515910020001],[-72.44933476,43.107914244],[-72.446917767,43.1307169780001],[-72.452899213,43.156644713],[-72.4531189389999,43.1689005720001],[-72.446917767,43.2098673690001],[-72.440008588,43.2153849470001],[-72.4353455019999,43.220414245],[-72.433245892,43.226298033],[-72.4342956969999,43.2321818220001],[-72.4366882749999,43.2351603380001],[-72.4390320249999,43.2371134630001],[-72.4401062439999,43.239969908],[-72.438446088,43.2528605330001],[-72.433685346,43.2631388530001],[-72.426092572,43.272172057],[-72.4158874939999,43.281229674],[-72.4036804629999,43.3002482280001],[-72.4012634709999,43.322928894],[-72.405316205,43.3607218610001],[-72.3978699159999,43.5314005720001],[-72.3917663999999,43.557694518],[-72.3816589779999,43.572025572],[-72.34699101,43.596561705],[-72.332879681,43.613505065],[-72.3248230409999,43.633256041],[-72.3159363219999,43.674759947],[-72.312518353,43.7096720580001],[-72.3063171809999,43.7200724470001],[-72.2792664,43.7361369000001],[-72.2663025329999,43.749247252],[-72.2135437439999,43.784623228],[-72.2029968689999,43.8005411970001],[-72.194549603,43.8201701030001],[-72.1888855409999,43.841825377],[-72.18683476,43.86377362],[-72.1807556579999,43.884769713],[-72.16598515,43.9055949080001],[-72.1005798769999,43.9733195180001],[-72.098455853,43.9806193220001],[-72.104949994,43.986405455],[-72.1135925719999,43.992606627],[-72.117938275,44.0009318220001],[-72.111883588,44.0167521350001],[-72.069525189,44.0726115110001],[-72.0548035099999,44.1045451040001],[-72.049237103,44.1428751820001],[-72.049676556,44.2308878770001],[-72.042254681,44.281693541],[-72.0200867129999,44.3177042830001],[-71.983367963,44.3392130720001],[-71.9323914,44.3463419780001],[-71.8834412049999,44.3447794780001],[-71.859442181,44.3476847530001],[-71.840496869,44.3572062370001],[-71.8072693299999,44.3879435420001],[-71.7914978459999,44.3984904160001],[-71.704095502,44.438334166],[-71.6780212829999,44.4461222520001],[-71.6690857359999,44.454960143],[-71.651824994,44.476688658],[-71.6176697209999,44.497172057],[-71.5982849549999,44.5151408070001],[-71.5973816349999,44.5325480330001],[-71.600555463,44.550492369],[-71.5934753849999,44.569779478],[-71.583465619,44.5747599470001],[-71.571112103,44.574686705],[-71.5589294859999,44.576395689],[-71.549383588,44.586551939],[-71.549969525,44.5963663930001],[-71.556585736,44.6066935420001],[-71.569256635,44.6206827990001],[-71.60011601,44.67820233],[-71.60402226,44.6927042830001],[-71.6110046809999,44.710697447],[-71.624896283,44.724344908],[-71.6350037049999,44.7403117050001],[-71.63070683,44.765336119],[-71.606219525,44.801444519],[-71.5592468689999,44.8494181500001],[-71.5146179629999,44.8950480330001],[-71.50570683,44.9195841660001],[-71.514129681,44.935306822],[-71.5278503849999,44.9505900250001],[-71.535125775,44.9738322130001],[-71.5317566349999,45.0000529160001],[-71.5215759709999,45.0096232280001],[-71.505848137,45.013731075],[-71.504080364,45.0137393190001],[-71.506612508,45.0370453900001],[-71.504752157,45.052961731],[-71.4972590739999,45.0665526330001],[-71.4565897219999,45.1109943650001],[-71.4512153739999,45.1216913860001],[-71.445996054,45.1402949020001],[-71.441603557,45.1506818650001],[-71.4130264889999,45.1861835740001],[-71.406566935,45.2049421190001],[-71.4226899829999,45.217189434],[-71.4490449629999,45.226904603],[-71.4388130289999,45.23346751],[-71.3948880619999,45.241529033],[-71.381245483,45.2507791140001],[-71.3520999759999,45.278322653],[-71.3343232839999,45.288709616],[-71.3115339769999,45.294135641],[-71.2933955489999,45.2923269660001],[-71.2093696699999,45.254758199],[-71.185133423,45.2485570270001],[-71.160328736,45.2457665],[-71.1417252199999,45.252329407],[-71.1110294189999,45.287107646],[-71.09524227,45.3009052530001],[-71.085552938,45.3042125450001],[-71.084951961,45.304292578],[-71.0810730409999,45.251127135],[-71.077166791,45.1976603380001],[-71.073260541,45.1441691280001],[-71.069329877,45.090629088],[-71.065448041,45.037089049],[-71.061517377,44.983597838],[-71.0576355409999,44.9301310410001],[-71.0537292909999,44.8765910020001],[-71.0498230409999,44.8230509630001],[-71.045916791,44.769535338],[-71.042010541,44.716019713],[-71.038104291,44.662504088],[-71.034198041,44.608988463],[-71.030291791,44.555472838],[-71.026385541,44.5019816280001],[-71.0224792909999,44.448441589],[-71.018573041,44.394925963],[-71.014666791,44.341434752],[-71.010760541,44.2879435410001],[-71.006878705,44.2344035020001],[-71.002948041,44.1808634630001],[-70.999041791,44.127347839],[-70.995184369,44.0738810410001],[-70.9912292909999,44.0203410020001],[-70.9873230409999,43.966776549],[-70.983441205,43.9132853380001],[-70.979510541,43.859794127],[-70.975604291,43.8062540890001],[-70.9717468689999,43.752787291],[-70.967791791,43.6992960800001],[-70.9639099549999,43.645756041],[-70.9600037049999,43.592240416],[-70.9578308529999,43.562211119],[-70.962371869,43.5311076030001],[-70.962176556,43.516044127],[-70.964666791,43.5017863140001],[-70.966571088,43.4969279160001],[-70.967596478,43.4906535020001],[-70.967742963,43.4819376820001],[-70.964788861,43.4673624860001],[-70.963592572,43.450663268],[-70.966571088,43.4396036970001],[-70.976409955,43.4150187360001],[-70.977777142,43.409110533],[-70.9779480409999,43.4022013530001],[-70.976849408,43.3945109240001],[-70.972625775,43.3831095570001],[-70.9674255799999,43.3748087750001],[-70.960711713,43.3666300640001],[-70.929754681,43.3402384630001],[-70.8974792909999,43.3048380720001],[-70.866668744,43.27104901],[-70.8279968689999,43.2522990100001],[-70.821942181,43.2470744],[-70.817059369,43.2398966660001],[-70.8135925719999,43.225590025],[-70.813250775,43.2167521350001],[-70.8145691349999,43.2088663930001],[-70.824627728,43.178617369],[-70.82589726,43.1674845570001],[-70.82511601,43.1614542830001],[-70.806414838,43.136698424],[-70.771942181,43.1074503770001],[-70.744089322,43.0838076840001]]]},"properties":{"NAME":"New Hampshire","NAME_LONG":"New Hampshire","ABBREV":"N.H."}},{"type":"Feature","geometry":{"type":"MultiPolygon","coordinates":[[[[-71.236858304,41.709563687],[-71.238392707,41.7073428410001],[-71.2405492829999,41.698065497],[-71.2402237619999,41.684637762],[-71.241037564,41.6812197940001],[-71.244862434,41.680324611],[-71.260406054,41.651109117],[-71.285715299,41.659613348],[-71.30182858,41.659613348],[-71.3088272779999,41.6708031270001],[-71.306752082,41.684719143],[-71.3015030589999,41.702622789],[-71.2940567699999,41.7201602230001],[-71.280913866,41.741400458],[-71.2830297519999,41.7488467470001],[-71.289702929,41.7540957700001],[-71.298817512,41.756089585],[-71.30199134,41.7516950540001],[-71.304432746,41.7300479190001],[-71.3088272779999,41.721991278],[-71.318186002,41.7247988950001],[-71.33706621,41.7337914080001],[-71.355620898,41.74628327],[-71.3640030589999,41.7598330750001],[-71.3655899729999,41.7776553410001],[-71.370350715,41.7920596370001],[-71.378814257,41.804999091],[-71.391346809,41.818793036],[-71.3950089179999,41.8057315120001],[-71.3963110019999,41.7832705750001],[-71.3950902989999,41.759507554],[-71.391346809,41.7424990910001],[-71.384755012,41.7356631530001],[-71.3755997389999,41.7305362000001],[-71.367502408,41.723822333],[-71.3640030589999,41.7120628930001],[-71.3668513659999,41.703558661],[-71.380279101,41.6836612000001],[-71.3844294909999,41.674221096],[-71.3914688789999,41.683010158],[-71.398426887,41.689764716],[-71.406890429,41.693833726],[-71.418609179,41.6946475280001],[-71.4302465489999,41.6911074890001],[-71.441639778,41.684068101],[-71.446766731,41.677232164],[-71.423329231,41.66815827],[-71.4138077459999,41.6528994810001],[-71.4102677069999,41.6329613300001],[-71.412464973,41.6127383480001],[-71.423695442,41.5943057310001],[-71.437367317,41.5847842470001],[-71.442779101,41.574652411],[-71.429514127,41.554388739],[-71.424631314,41.5388858090001],[-71.423410611,41.4863955750001],[-71.426096158,41.46873607],[-71.45479181,41.4061319000001],[-71.469618488,41.3913312810001],[-71.4839574859999,41.3799502620001],[-71.488270637,41.370591539],[-71.4977107409999,41.3662783870001],[-71.5078018869999,41.368109442],[-71.5303848949999,41.376450914],[-71.555828069,41.374845528],[-71.59888449,41.367522493],[-71.753814257,41.331040757],[-71.828972494,41.316984425],[-71.847167578,41.310815822],[-71.844964642,41.321512877],[-71.8386902279999,41.341239439],[-71.829827924,41.3917033070001],[-71.823846478,41.405228697],[-71.817523236,41.4131388530001],[-71.804461713,41.415726744],[-71.7991882749999,41.477469908],[-71.795745892,41.518900572],[-71.7960632749999,41.548978697],[-71.7966247989999,41.6067179550001],[-71.79723515,41.664481627],[-71.797821088,41.7222208850001],[-71.7984070249999,41.779960144],[-71.798992963,41.837674986],[-71.7995789,41.895414244],[-71.800189252,41.95320233],[-71.800799603,42.0109171740001],[-71.710345502,42.0122599470001],[-71.6198914,42.013675963],[-71.5294128849999,42.015067564],[-71.438934369,42.0164103380001],[-71.3870789,42.0158244],[-71.3859070249999,42.002323424],[-71.384100385,41.9709025250001],[-71.3805359309999,41.9079386580001],[-71.3790222599999,41.901371275],[-71.3759460879999,41.8960978380001],[-71.368035931,41.894462096],[-71.349139447,41.8953654160001],[-71.341131635,41.8941691270001],[-71.337567181,41.890409361],[-71.335565228,41.8791056500001],[-71.336077924,41.8718790880001],[-71.337176556,41.865848815],[-71.3396667909999,41.857255064],[-71.3395203059999,41.852494322],[-71.338006635,41.842411314],[-71.3427917909999,41.80854901],[-71.342498822,41.803226744],[-71.340692181,41.7969035020001],[-71.3352234309999,41.789286314],[-71.32379765,41.777787292],[-71.307440228,41.7683634630001],[-71.2960144469999,41.7635538930001],[-71.2862488219999,41.761063658],[-71.267840619,41.7498087750001],[-71.236858304,41.709563687]]],[[[-71.121965638,41.512959386],[-71.185902473,41.46873607],[-71.199126757,41.4921328800001],[-71.202015754,41.5026309270001],[-71.1964005199999,41.5134138040001],[-71.195668098,41.520819403],[-71.206939257,41.5581729190001],[-71.210519986,41.602240302],[-71.209706184,41.6261660830001],[-71.206939257,41.646226304],[-71.193961004,41.676861493],[-71.193955884,41.67685759],[-71.180438275,41.673441588],[-71.1639831969999,41.6693400250001],[-71.1475769469999,41.665238463],[-71.131121869,41.6611369],[-71.133856244,41.6474406110001],[-71.136590619,41.633744322],[-71.1393249939999,41.620072447],[-71.142059369,41.606376158],[-71.1393249939999,41.6036173690001],[-71.136590619,41.6008829950001],[-71.133856244,41.598148619],[-71.131121869,41.595414244],[-71.128387494,41.5707560410001],[-71.1256531189999,41.546122252],[-71.122918744,41.521488463],[-71.121966596,41.5129679550001],[-71.121965638,41.512959386]]],[[[-71.3150935539999,41.580796617],[-71.330718554,41.5755882830001],[-71.33722897,41.5820987000001],[-71.33722897,41.592515367],[-71.330718554,41.6107445330001],[-71.335926887,41.626369533],[-71.35676022,41.6315778670001],[-71.359364387,41.6419945330001],[-71.355458137,41.6602237000001],[-71.3437393869999,41.670640367],[-71.335926887,41.6576195330001],[-71.330718554,41.647202867],[-71.3176977199999,41.63287995],[-71.303374804,41.626369533],[-71.304676887,41.604234117],[-71.3150935539999,41.580796617]]],[[[-71.238026496,41.5003115910001],[-71.2336319649999,41.489203192],[-71.264800585,41.49607982],[-71.285959439,41.482001044],[-71.303212043,41.4663760440001],[-71.3230688139999,41.46873607],[-71.334950325,41.4590518250001],[-71.3461807929999,41.4547386740001],[-71.354562955,41.4583194030001],[-71.3578181629999,41.4724795590001],[-71.3513077459999,41.4778506530001],[-71.3199763659999,41.4884707700001],[-71.3088272779999,41.4954287780001],[-71.3213598299999,41.508530992],[-71.3255509109999,41.519964911],[-71.322255012,41.530422268],[-71.312489387,41.540757554],[-71.3091527989999,41.5460879580001],[-71.308176236,41.553168036],[-71.3088272779999,41.5677757830001],[-71.30577552,41.5717227230001],[-71.291086392,41.5782738300001],[-71.2855118479999,41.581732489],[-71.279449023,41.5930850280001],[-71.273589648,41.6209984400001],[-71.2678116529999,41.6326358090001],[-71.257801887,41.6406924500001],[-71.2327367829999,41.652777411],[-71.220611132,41.660549221],[-71.220611132,41.640041408],[-71.2325740229999,41.6059024110001],[-71.2336319649999,41.5308291690001],[-71.2350968089999,41.5189883480001],[-71.2375382149999,41.509507554],[-71.238026496,41.5003115910001]]],[[[-71.3926488919999,41.4632835960001],[-71.398793098,41.461900132],[-71.400990364,41.4684512390001],[-71.395171679,41.4909121770001],[-71.398793098,41.5028750670001],[-71.392201301,41.5059268250001],[-71.389475064,41.5092227230001],[-71.3878067699999,41.512884833],[-71.3844294909999,41.5171572940001],[-71.3953344389999,41.5264346370001],[-71.3926895819999,41.5426699890001],[-71.3776749339999,41.5779483090001],[-71.36839759,41.5762393250001],[-71.362416145,41.572455145],[-71.359120246,41.56639232],[-71.3578181629999,41.5581729190001],[-71.357289192,41.5365664730001],[-71.3604223299999,41.5145531270001],[-71.3656306629999,41.4953473980001],[-71.3714493479999,41.4823672550001],[-71.37608802,41.476996161],[-71.3841446609999,41.469468492],[-71.3926488919999,41.4632835960001]]],[[[-71.571571695,41.1497692750001],[-71.59955027,41.145778973],[-71.613747607,41.1551808740001],[-71.61271718,41.167466984],[-71.608024978,41.1805893870001],[-71.597486496,41.187669262],[-71.591216601,41.1973330750001],[-71.582671679,41.204046942],[-71.5804337229999,41.2147891300001],[-71.57919993,41.225571522],[-71.572580533,41.228827216],[-71.567046679,41.224839585],[-71.5535411229999,41.214571842],[-71.559473734,41.201024044],[-71.566151496,41.193752346],[-71.559925911,41.18374258],[-71.5518692699999,41.1757266300001],[-71.544473262,41.1628875970001],[-71.5490945829999,41.1520420720001],[-71.571571695,41.1497692750001]]]]},"properties":{"NAME":"Rhode Island","NAME_LONG":"Rhode Island","ABBREV":"R.I."}},{"type":"Feature","geometry":{"type":"MultiPolygon","coordinates":[[[[-73.3895157539999,40.6167666690001],[-73.5741200349999,40.5750930060001],[-73.5663929569999,40.5903202420001],[-73.4438465379999,40.618936383],[-73.4007329919999,40.629640755],[-73.377738168,40.634617012],[-73.357600611,40.640327809],[-73.3393841449999,40.6445926670001],[-73.318311167,40.646661882],[-73.269456783,40.649295803],[-73.248401602,40.647720291],[-73.256144376,40.639051948],[-73.3203241679999,40.635055865],[-73.3895157539999,40.6167666690001]]],[[[-74.074615136,40.6340329950001],[-74.071941278,40.623331691],[-74.0614512029999,40.614608642],[-74.0535687319999,40.6027038670001],[-74.1021026549999,40.554570492],[-74.1339179839999,40.5326680150001],[-74.13967418,40.5346442070001],[-74.148036612,40.5346290640001],[-74.163164212,40.527446857],[-74.179854992,40.5198614930001],[-74.192361445,40.5114885340001],[-74.209069024,40.509462598],[-74.228368889,40.5022577830001],[-74.242983654,40.499434562],[-74.250830957,40.5013966660001],[-74.2529441809999,40.507354413],[-74.248259574,40.512937402],[-74.2393921759999,40.516939516],[-74.238930239,40.5272589530001],[-74.2416034609999,40.539165454],[-74.2327592329999,40.547928974],[-74.21866524,40.5531324820001],[-74.2071955109999,40.5603114630001],[-74.201487384,40.5698562960001],[-74.1978945489999,40.5849563940001],[-74.1943518579999,40.6127663850001],[-74.1918017,40.628264243],[-74.1824190489999,40.6374224310001],[-74.170927339,40.6434101940001],[-74.1536312489999,40.6374896670001],[-74.1260880199999,40.6334903020001],[-74.1102595689999,40.6377627620001],[-74.0973201159999,40.643500067],[-74.083536307,40.6495179900001],[-74.076715704,40.648744482],[-74.073052143,40.6443722590001],[-74.071450232,40.6380307160001],[-74.074615136,40.6340329950001]]],[[[-73.147531705,40.644313869],[-73.2457830489999,40.623806097],[-73.2974586459999,40.622622436],[-73.305046085,40.6299218300001],[-73.255291546,40.629668423],[-73.218830255,40.6396345810001],[-73.176609964,40.6509979040001],[-73.104658648,40.667220301],[-73.040342971,40.6819952430001],[-73.013905403,40.690456447],[-72.948903814,40.715385701],[-72.9142685609999,40.724527217],[-72.881511092,40.734399851],[-72.832370116,40.7477443340001],[-72.779230119,40.766843235],[-72.757082748,40.768802103],[-72.757239254,40.7600857400001],[-72.804921028,40.7508405620001],[-72.8315323559999,40.7416445980001],[-72.913476532,40.7129012190001],[-72.9915258449999,40.6881778020001],[-73.041005012,40.672634182],[-73.147531705,40.644313869]]],[[[-74.0022273429999,40.7040469420001],[-74.01691647,40.6992862000001],[-74.0119771449999,40.7300381270001],[-74.003155497,40.755871189],[-73.986968554,40.7787132830001],[-73.939157681,40.854234117],[-73.932810025,40.868841864],[-73.928049283,40.8775088560001],[-73.917958137,40.8750674500001],[-73.916656054,40.8633487000001],[-73.9296768869999,40.8438174500001],[-73.9387914699999,40.8281924500001],[-73.940093554,40.813869533],[-73.9333796869999,40.7971865910001],[-73.946424706,40.7772343730001],[-73.9722190579999,40.7406793030001],[-73.9722934289999,40.727202721],[-73.975805637,40.714012798],[-74.0022273429999,40.7040469420001]]],[[[-72.278469954,41.058459579],[-72.282389983,41.047881126],[-72.2756603009999,41.0392711470001],[-72.275526687,41.031833217],[-72.286253142,41.0342030400001],[-72.297891044,41.0415225940001],[-72.317750216,41.04875311],[-72.340762693,41.048506604],[-72.3587977109999,41.0458306570001],[-72.371305755,41.0549917860001],[-72.372391266,41.068617943],[-72.361916809,41.0798920350001],[-72.3415590719999,41.09065164],[-72.3401587829999,41.103683108],[-72.327844948,41.105055633],[-72.322713374,41.094572403],[-72.3052487369999,41.084218047],[-72.2953367699999,41.0818416380001],[-72.2804815009999,41.078894846],[-72.282769756,41.068953265],[-72.278469954,41.058459579]]],[[[-72.079033593,41.0948447650001],[-72.085092646,41.0917251590001],[-72.084971028,41.083542954],[-72.081450657,41.074878819],[-72.0861007679999,41.068189192],[-72.09278947,41.0614788120001],[-72.100822929,41.0542462440001],[-72.101020652,41.067545871],[-72.1025845039999,41.0813433320001],[-72.1081383949999,41.0905058120001],[-72.1224385659999,41.0929328960001],[-72.136025492,41.09280736],[-72.1415208299999,41.096849278],[-72.1348075819999,41.102026113],[-72.1281319279999,41.1092465180001],[-72.1310218719999,41.1204722080001],[-72.109071843,41.106860885],[-72.091353887,41.101899546],[-72.0784307159999,41.099964284],[-72.079033593,41.0948447650001]]],[[[-72.246896939,41.135443427],[-72.260243293,41.12502676],[-72.2761938139999,41.1170514990001],[-72.2894587879999,41.1133487000001],[-72.3044327459999,41.131944078],[-72.3436173169999,41.1142031920001],[-72.4123429029999,41.064886786],[-72.415304878,41.054447018],[-72.3999731109999,41.0513369810001],[-72.392811653,41.047186591],[-72.3850805329999,41.0444603540001],[-72.3905429369999,41.031470594],[-72.4120766579999,41.034132382],[-72.4311214249999,41.030403194],[-72.437408007,41.0257022160001],[-72.4388321609999,41.0159772810001],[-72.435699023,41.0058861350001],[-72.433461067,40.993231512],[-72.437733528,40.9841983090001],[-72.446685351,40.991400458],[-72.4549454419999,41.0037295590001],[-72.466457345,41.0038266930001],[-72.472539348,40.9903942460001],[-72.4949438139999,40.9898135440001],[-72.499582486,40.988959052],[-72.510548405,40.984899506],[-72.52065996,40.9851748720001],[-72.533921959,40.974852572],[-72.54356217,40.9666229170001],[-72.543080207,40.9565697290001],[-72.562442499,40.944198054],[-72.580044078,40.9328781720001],[-72.599562219,40.9307149960001],[-72.615937257,40.9277187270001],[-72.624623176,40.9078229840001],[-72.613433398,40.908880927],[-72.6028539699999,40.908392645],[-72.593006965,40.9058291690001],[-72.584299283,40.900417385],[-72.5635880199999,40.9123802760001],[-72.5439347,40.9101016300001],[-72.5238337879999,40.9030215520001],[-72.501361215,40.8973890320001],[-72.4808468119999,40.89793746],[-72.4571427069999,40.9102643900001],[-72.4498827,40.9197985860001],[-72.4437149729999,40.9317487650001],[-72.4410294259999,40.942979234],[-72.4292996469999,40.946945601],[-72.408179946,40.950647239],[-72.3861312649999,40.971808593],[-72.3671844469999,40.994600253],[-72.342111783,40.9998233090001],[-72.326538789,40.9992242290001],[-72.3211051659999,41.005910246],[-72.3320916679999,41.030699717],[-72.32152259,41.035834052],[-72.3066832439999,41.035524809],[-72.3012619509999,41.020346417],[-72.298456259,41.0060000180001],[-72.2701042629999,41.0024276120001],[-72.263445856,41.015454601],[-72.248633137,41.0176332180001],[-72.242543729,41.029075175],[-72.2402108639999,41.037788731],[-72.233709182,41.0440657510001],[-72.2137857429999,41.0398040360001],[-72.1867522439999,41.0091633440001],[-72.1835546789999,41.0278214730001],[-72.1800430979999,41.04706452],[-72.1668659389999,41.0566474120001],[-72.155384895,41.0549990910001],[-72.122873502,41.0174014340001],[-72.11815345,41.006862697],[-72.108998176,41.0014102230001],[-72.088042773,41.004828192],[-72.0498754549999,41.0176862650001],[-72.011708137,41.042100328],[-71.992746549,41.0496279970001],[-71.975707178,41.0433970010001],[-71.9587526299999,41.0462827470001],[-71.9580678169999,41.06971829],[-71.9453044159999,41.073475417],[-71.933427362,41.064925487],[-71.9189347,41.0586612000001],[-71.9189347,41.064886786],[-71.930904401,41.07879058],[-71.9033001809999,41.0846721370001],[-71.875111457,41.0757103540001],[-71.857411262,41.071722723],[-71.8648982409999,41.062079169],[-71.8849696029999,41.045397036],[-71.929511642,41.0378478750001],[-72.0088723309999,41.0073856610001],[-72.08714759,40.983425197],[-72.1598201159999,40.9552676450001],[-72.219862085,40.9334227210001],[-72.3169917,40.896260082],[-72.371734179,40.8758405620001],[-72.406657949,40.8620721350001],[-72.4412735669999,40.8550072290001],[-72.460764127,40.8526065120001],[-72.448353645,40.8682315120001],[-72.447417773,40.87909577],[-72.459136523,40.8853620460001],[-72.484689908,40.887396552],[-72.496571418,40.8841006530001],[-72.500599739,40.8760440120001],[-72.498361783,40.8657901060001],[-72.491525845,40.856024481],[-72.490793424,40.846869208],[-72.5023087229999,40.839056708],[-72.541818814,40.82050202],[-72.605279861,40.8013303240001],[-72.70444214,40.7761770010001],[-72.72395472,40.7704193240001],[-72.732004361,40.769964911],[-72.7379044259999,40.7737897810001],[-72.7316944419999,40.77764891],[-72.7253868179999,40.7783789570001],[-72.678458506,40.7909997520001],[-72.650516449,40.797455218],[-72.6635800179999,40.800773149],[-72.6793250009999,40.8009399700001],[-72.700344897,40.7995705650001],[-72.726960579,40.8077894570001],[-72.743946777,40.796839494],[-72.765170691,40.783147914],[-72.801898583,40.7827104730001],[-72.828008903,40.7897084360001],[-72.8136287099999,40.7816022810001],[-72.8179418609999,40.768418687],[-72.8327530589999,40.7596296240001],[-72.852792145,40.749423148],[-72.8790746989999,40.745685802],[-72.8892573839999,40.7656384680001],[-72.910361899,40.758273537],[-72.926258918,40.7564151060001],[-72.9468168829999,40.7418916230001],[-73.012196418,40.7495791690001],[-73.022572395,40.7475853540001],[-73.0334214049999,40.731434457],[-73.054954203,40.729211969],[-73.083323362,40.7246515240001],[-73.099099902,40.7203940110001],[-73.1147319299999,40.7280494120001],[-73.1293835479999,40.7301351240001],[-73.140435727,40.7262375260001],[-73.142404752,40.7161319030001],[-73.145393248,40.7052191270001],[-73.158029801,40.6997414320001],[-73.1795141269999,40.704697984],[-73.21193115,40.7056414520001],[-73.233323369,40.714504671],[-73.247026462,40.707036144],[-73.2618169,40.6955983220001],[-73.275003329,40.686929889],[-73.3174887449999,40.6835732260001],[-73.372217036,40.6623654850001],[-73.402157395,40.6577191490001],[-73.504545766,40.6438299000001],[-73.561120825,40.6380489050001],[-73.6271734169999,40.6143970520001],[-73.643433138,40.604904261],[-73.6528647899999,40.6013511790001],[-73.664367164,40.6037609950001],[-73.6559755279999,40.6089057160001],[-73.655417367,40.618040455],[-73.6679503709999,40.626014131],[-73.6957901679999,40.621527411],[-73.710925151,40.610211603],[-73.710446873,40.5951148500001],[-73.606336609,40.59408648],[-73.5754805019999,40.5932062840001],[-73.581800788,40.5844864450001],[-73.707343239,40.582794339],[-73.752349147,40.585650805],[-73.7680502109999,40.589643266],[-73.8125896079999,40.583735717],[-73.8971176,40.5546780830001],[-73.939470185,40.5419588710001],[-73.939478889,40.5554770370001],[-73.850548546,40.5808842810001],[-73.7897919639999,40.6002917530001],[-73.776156963,40.6106075210001],[-73.768805902,40.6185456690001],[-73.77141969,40.6233186970001],[-73.780848759,40.6288979420001],[-73.79812885,40.6380593470001],[-73.81541142,40.64562735],[-73.8295591149999,40.64881897],[-73.8515637369999,40.6436700730001],[-73.868848697,40.640104301],[-73.877229789,40.636135967],[-73.882989331,40.631767981],[-73.891346809,40.6236026060001],[-73.892935724,40.614289357],[-73.883515681,40.600379116],[-73.8777611049999,40.5820955110001],[-73.8918883199999,40.576935281],[-73.897644048,40.583296509],[-73.9117700119999,40.583697425],[-73.9264179769999,40.5836985010001],[-73.9321692509999,40.5777371560001],[-73.941582931,40.5745575840001],[-73.9881254459999,40.569370426],[-74.003816964,40.570550837],[-74.011673826,40.5792882740001],[-74.000694912,40.5832716400001],[-73.9980869729999,40.589632339],[-74.004895488,40.597182034],[-74.030021285,40.6054977280001],[-74.0399897459999,40.6197857340001],[-74.035834781,40.638859386],[-74.0238109649999,40.6492000550001],[-74.0128396869999,40.664700094],[-74.015479258,40.6778037340001],[-74.001879398,40.6901270160001],[-73.9976966199999,40.6960873890001],[-73.990589973,40.6997744810001],[-73.980336067,40.7046166040001],[-73.969335485,40.7087494000001],[-73.9593714419999,40.7246633510001],[-73.956796236,40.743171457],[-73.930233317,40.773121062],[-73.908599853,40.7886774090001],[-73.887094347,40.77993432],[-73.870302941,40.782312821],[-73.86086005,40.7763512550001],[-73.823053987,40.79738222],[-73.778989038,40.7921765610001],[-73.7575224179999,40.7711111350001],[-73.7501366609999,40.7913459740001],[-73.7642599929999,40.810031622],[-73.755523241,40.832790432],[-73.7398168609999,40.8343366560001],[-73.729359504,40.8240827490001],[-73.721791145,40.811224677],[-73.7145889959999,40.8047956400001],[-73.702992317,40.810166734],[-73.696888801,40.8218854840001],[-73.70042884,40.833604234],[-73.733062304,40.84369538],[-73.7312719389999,40.8544375670001],[-73.720204231,40.8662376970001],[-73.705306455,40.866744483],[-73.67435114,40.856755178],[-73.665514774,40.838452057],[-73.6533096999999,40.823919989],[-73.646117116,40.830866767],[-73.653360534,40.867785537],[-73.632654987,40.8995856760001],[-73.565273468,40.914514375],[-73.5204634779999,40.9176018600001],[-73.5126847,40.9050967470001],[-73.515288866,40.900417385],[-73.528603642,40.8917223630001],[-73.540669921,40.8953382760001],[-73.549097951,40.8909854670001],[-73.5349811939999,40.878627729],[-73.511347597,40.877349385],[-73.50972188,40.8856941890001],[-73.5075714809999,40.893637954],[-73.493394043,40.8919914870001],[-73.4929367599999,40.8816436210001],[-73.479828254,40.877244456],[-73.4724438869999,40.882367618],[-73.4755348509999,40.8907387750001],[-73.468129036,40.8936221370001],[-73.469146288,40.901312567],[-73.48534095,40.91791413],[-73.494095342,40.9270525090001],[-73.4856871709999,40.9456256960001],[-73.462083916,40.9363823070001],[-73.431304491,40.933294989],[-73.440825976,40.9146589210001],[-73.4321996739999,40.907660223],[-73.420318163,40.900417385],[-73.405021253,40.9039549010001],[-73.388661262,40.905951239],[-73.3709203769999,40.9000918640001],[-73.3582657539999,40.900417385],[-73.354725715,40.9141299500001],[-73.360636865,40.925092679],[-73.3789608449999,40.9244643490001],[-73.3995688489999,40.925418193],[-73.410023567,40.9398867860001],[-73.407761528,40.9471622890001],[-73.4019305009999,40.954404294],[-73.3951743599999,40.954367892],[-73.3797815339999,40.947012984],[-73.3740645439999,40.936073438],[-73.350960148,40.930856422],[-73.3259007919999,40.9292567220001],[-73.293184227,40.924703787],[-73.263428447,40.9136232400001],[-73.243723111,40.9102643900001],[-73.23534095,40.9078229840001],[-73.224598762,40.9082705750001],[-73.178700325,40.9190127620001],[-73.1594945949999,40.9302432310001],[-73.1481013659999,40.945624091],[-73.1528214179999,40.9624697940001],[-73.1353653639999,40.9684512390001],[-73.1131485669999,40.9734561220001],[-73.09874427,40.969509182],[-73.1044001939999,40.9487979190001],[-73.091297981,40.9483503280001],[-73.082142707,40.951605536],[-73.0791723299999,40.9585635440001],[-73.0845841139999,40.9693057310001],[-73.0762226849999,40.971944765],[-73.0484410139999,40.9630150090001],[-73.008968788,40.96706629],[-72.900376288,40.963255021],[-72.830089226,40.9691753330001],[-72.781120911,40.965079675],[-72.6960921769999,40.9810175330001],[-72.628325976,40.983587958],[-72.6061091789999,40.989935614],[-72.541347085,41.023818126],[-72.4716517209999,41.05595311],[-72.4538616599999,41.0744238810001],[-72.445176585,41.085848868],[-72.412923106,41.0898118200001],[-72.383046028,41.108913479],[-72.3587133449999,41.1311302760001],[-72.3434138659999,41.14065176],[-72.2894587879999,41.161159572],[-72.275542773,41.162624416],[-72.259999153,41.160834052],[-72.24722246,41.155707098],[-72.241688606,41.146795966],[-72.246896939,41.135443427]]],[[[-71.970152917,41.2736221630001],[-71.988328754,41.260085361],[-71.998733527,41.2516661],[-72.022806513,41.2534867790001],[-72.0387976799999,41.2494468260001],[-72.03656318,41.2608651960001],[-72.026228001,41.2669037980001],[-72.0221298929999,41.2768581340001],[-72.011349226,41.276207975],[-72.003362313,41.2670127810001],[-71.998077194,41.2740820140001],[-71.9940038079999,41.283080978],[-71.9768093549999,41.2847059580001],[-71.953888266,41.2867106640001],[-71.9397567289999,41.2921970550001],[-71.9207323299999,41.2913964890001],[-71.928000765,41.2819788300001],[-71.9465754289999,41.276567892],[-71.970152917,41.2736221630001]]],[[[-71.63070683,44.765336119],[-71.6350037049999,44.7403117050001],[-71.624896283,44.724344908],[-71.6110046809999,44.710697447],[-71.60402226,44.6927042830001],[-71.60011601,44.67820233],[-71.569256635,44.6206827990001],[-71.556585736,44.6066935420001],[-71.549969525,44.5963663930001],[-71.549383588,44.586551939],[-71.5589294859999,44.576395689],[-71.571112103,44.574686705],[-71.583465619,44.5747599470001],[-71.5934753849999,44.569779478],[-71.600555463,44.550492369],[-71.5973816349999,44.5325480330001],[-71.5982849549999,44.5151408070001],[-71.6176697209999,44.497172057],[-71.651824994,44.476688658],[-71.6690857359999,44.454960143],[-71.6780212829999,44.4461222520001],[-71.704095502,44.438334166],[-71.7914978459999,44.3984904160001],[-71.8072693299999,44.3879435420001],[-71.840496869,44.3572062370001],[-71.859442181,44.3476847530001],[-71.8834412049999,44.3447794780001],[-71.9323914,44.3463419780001],[-71.983367963,44.3392130720001],[-72.0200867129999,44.3177042830001],[-72.042254681,44.281693541],[-72.049676556,44.2308878770001],[-72.049237103,44.1428751820001],[-72.0548035099999,44.1045451040001],[-72.069525189,44.0726115110001],[-72.111883588,44.0167521350001],[-72.117938275,44.0009318220001],[-72.1135925719999,43.992606627],[-72.104949994,43.986405455],[-72.098455853,43.9806193220001],[-72.1005798769999,43.9733195180001],[-72.16598515,43.9055949080001],[-72.1807556579999,43.884769713],[-72.18683476,43.86377362],[-72.1888855409999,43.841825377],[-72.194549603,43.8201701030001],[-72.2029968689999,43.8005411970001],[-72.2135437439999,43.784623228],[-72.2663025329999,43.749247252],[-72.2792664,43.7361369000001],[-72.3063171809999,43.7200724470001],[-72.312518353,43.7096720580001],[-72.3159363219999,43.674759947],[-72.3248230409999,43.633256041],[-72.332879681,43.613505065],[-72.34699101,43.596561705],[-72.3816589779999,43.572025572],[-72.3917663999999,43.557694518],[-72.3978699159999,43.5314005720001],[-72.405316205,43.3607218610001],[-72.4012634709999,43.322928894],[-72.4036804629999,43.3002482280001],[-72.4158874939999,43.281229674],[-72.426092572,43.272172057],[-72.433685346,43.2631388530001],[-72.438446088,43.2528605330001],[-72.4401062439999,43.239969908],[-72.4390320249999,43.2371134630001],[-72.4366882749999,43.2351603380001],[-72.4342956969999,43.2321818220001],[-72.433245892,43.226298033],[-72.4353455019999,43.220414245],[-72.440008588,43.2153849470001],[-72.446917767,43.2098673690001],[-72.4531189389999,43.1689005720001],[-72.452899213,43.156644713],[-72.446917767,43.1307169780001],[-72.44933476,43.107914244],[-72.4667663999999,43.0515910020001],[-72.4709656189999,43.0057413930001],[-72.4805359309999,42.989164245],[-72.5046570249999,42.9826945180001],[-72.5218933529999,42.975516783],[-72.5287292909999,42.957865416],[-72.535662885,42.9144327990001],[-72.5432800719999,42.900126158],[-72.550531049,42.889676939],[-72.555462689,42.877958189],[-72.5561706969999,42.859818541],[-72.5538757749999,42.8442667830001],[-72.550018353,42.832889831],[-72.5441101499999,42.8230265490001],[-72.535662885,42.8120158070001],[-72.492791791,42.779203307],[-72.473309369,42.758524596],[-72.4667663999999,42.729447447],[-72.466815228,42.7292765490001],[-72.5159607359999,42.7306193220001],[-72.5651062439999,42.7320109240001],[-72.614276166,42.733353697],[-72.66339726,42.734720885],[-72.712567181,42.7361369000001],[-72.761737103,42.737504088],[-72.810858197,42.738846861],[-72.860028119,42.740238463],[-72.909149213,42.7415812360001],[-72.951592526,42.7412611450001],[-73.000282573,42.7412611450001],[-73.0499464209999,42.7422349460001],[-73.097662667,42.744182548],[-73.147326515,42.744182548],[-73.2052705369999,42.745345967],[-73.2655156909999,42.7456012440001],[-73.269915814,42.7352091660001],[-73.278436322,42.711649596],[-73.3045837829999,42.6394572130001],[-73.3307312439999,42.567216002],[-73.356903119,42.494974791],[-73.3830749939999,42.4227824080001],[-73.409246869,42.350590025],[-73.435369916,42.278348814],[-73.4615417909999,42.2061320180001],[-73.487664838,42.133939635],[-73.500994916,42.0971232280001],[-73.5072449159999,42.07898358],[-73.480535931,42.0545451030001],[-73.484417767,42.008231627],[-73.488299603,41.9619913930001],[-73.4922302669999,41.9156535020001],[-73.4961609309999,41.8693888530001],[-73.5000671809999,41.8230753770001],[-73.5039734309999,41.776786314],[-73.507855267,41.730472838],[-73.511785931,41.6842326030001],[-73.515692181,41.6379191270001],[-73.519549603,41.5916544780001],[-73.5235046809999,41.5453165880001],[-73.5274109309999,41.4990763530001],[-73.5313415959999,41.452762877],[-73.5352478459999,41.406473814],[-73.539129681,41.3601603380001],[-73.543035931,41.313920104],[-73.544696088,41.2949259630001],[-73.5261902279999,41.2702921740001],[-73.512200971,41.251737486],[-73.4991394469999,41.2344279160001],[-73.484100385,41.2179240100001],[-73.499969525,41.2088419780001],[-73.5487488219999,41.185966002],[-73.609295697,41.157425964],[-73.664813275,41.131351744],[-73.708856244,41.1106242060001],[-73.722967572,41.103495299],[-73.7174499939999,41.0963419780001],[-73.693450971,41.067460143],[-73.6689148379999,41.038016783],[-73.6656433529999,41.03511151],[-73.661004681,41.032645689],[-73.658660931,41.031009947],[-73.6553650329999,41.027762877],[-73.65036015,41.0191447130001],[-73.6474927419999,41.0123194750001],[-73.642862592,41.0010667630001],[-73.650257942,40.996568101],[-73.648019986,40.9920921900001],[-73.653146939,40.982123114],[-73.6743871739999,40.9588076840001],[-73.6769913399999,40.9547793640001],[-73.698719856,40.9547793640001],[-73.7107641269999,40.9530296900001],[-73.720366991,40.947007554],[-73.764393684,40.9101016300001],[-73.7774145169999,40.8941104190001],[-73.782826301,40.8760440120001],[-73.788156705,40.8717715520001],[-73.7999161449999,40.8722598330001],[-73.811675585,40.87103913],[-73.816965299,40.862005927],[-73.8199103009999,40.8391298020001],[-73.8050588569999,40.8261471830001],[-73.797685064,40.813193685],[-73.829728053,40.810897622],[-73.866027934,40.8118375170001],[-73.893832632,40.803853362],[-73.92682858,40.8047956400001],[-73.932281054,40.8177757830001],[-73.932281054,40.825588283],[-73.9257706369999,40.83600495],[-73.91535397,40.8568382830001],[-73.908843554,40.8685570330001],[-73.912749804,40.881577867],[-73.921864387,40.8867862000001],[-73.898019986,40.9304873720001],[-73.889475064,40.972154039],[-73.875396288,41.0133324240001],[-73.8721817699999,41.0336367860001],[-73.871571418,41.1155459660001],[-73.875314908,41.1532656920001],[-73.885894335,41.18756745],[-73.89574134,41.2031924500001],[-73.9075821609999,41.2133649760001],[-73.940500455,41.2359886740001],[-73.957020637,41.25775788],[-73.9534805979999,41.2747256530001],[-73.9451391269999,41.2910016950001],[-73.9473363919999,41.3111026060001],[-73.96597246,41.3001162780001],[-73.975941536,41.2921817080001],[-73.982045051,41.283758856],[-73.9849747389999,41.2695987000001],[-73.9821671209999,41.261135158],[-73.9776098299999,41.252875067],[-73.970204231,41.219061591],[-73.96306928,41.2056987390001],[-73.95227986,41.1892938870001],[-73.932320867,41.178269018],[-73.917876757,41.163519598],[-73.916656054,41.1456973330001],[-73.920643684,41.101955471],[-73.9063614569999,41.0162621110001],[-73.907133886,40.990812609],[-74.005999799,41.0364542840001],[-74.1049988219999,41.082132994],[-74.20402226,41.1278361190001],[-74.302996869,41.1735148300001],[-74.401995892,41.219169127],[-74.500994916,41.264872252],[-74.600018353,41.310550963],[-74.6989929629999,41.356254088],[-74.704461713,41.376127135],[-74.7198913999999,41.3976603380001],[-74.728631635,41.4074015490001],[-74.736395306,41.4235880730001],[-74.741619916,41.431400572],[-74.7491394469999,41.434672058],[-74.7605163999999,41.4323527210001],[-74.7703796809999,41.4287882680001],[-74.780877728,41.4289347530001],[-74.7938171809999,41.4377726430001],[-74.813177533,41.4468790880001],[-74.8620789,41.4444865100001],[-74.8862976499999,41.448343932],[-74.9004089779999,41.4580119],[-74.910223431,41.469242369],[-74.922625775,41.478617369],[-74.9672302669999,41.4869181500001],[-74.984344525,41.498295103],[-74.997869916,41.5138468610001],[-75.0483581969999,41.5959513530001],[-75.061004681,41.6053751820001],[-75.063934369,41.61570233],[-75.0577087829999,41.6672892440001],[-75.057611127,41.6879435420001],[-75.0712585879999,41.725809752],[-75.0681335879999,41.7351603380001],[-75.054510541,41.7436564320001],[-75.051409955,41.753104674],[-75.055877728,41.7749064320001],[-75.067889447,41.784012877],[-75.085369916,41.7887247910001],[-75.106024213,41.7971964710001],[-75.083074994,41.818802916],[-75.0789490169999,41.82808026],[-75.091741986,41.8319376820001],[-75.1012390559999,41.8362101430001],[-75.1155945249999,41.854960143],[-75.142767377,41.862430846],[-75.1647156189999,41.876566588],[-75.1774109309999,41.8797160020001],[-75.232635541,41.872904478],[-75.2491394469999,41.8824015490001],[-75.254901166,41.9045695180001],[-75.25714726,41.92964276],[-75.2630554629999,41.948002135],[-75.284198041,41.9590861190001],[-75.3154968689999,41.970194518],[-75.3394470639999,41.9839884630001],[-75.338983197,41.9973917830001],[-75.351287885,41.9973917830001],[-75.373455853,41.997465025],[-75.509466596,41.997489439],[-75.645526166,41.9975870960001],[-75.781512494,41.9976359240001],[-75.91754765,41.997757994],[-76.053631635,41.9978068220001],[-76.189617963,41.9979044780001],[-76.325677533,41.997953307],[-76.461737103,41.998050963],[-76.597723431,41.9980997910001],[-76.7337830019999,41.998221861],[-76.869842572,41.998270689],[-77.0058289,41.9983683460001],[-77.141864056,41.9984171740001],[-77.277948041,41.99851483],[-77.4139343689999,41.9985636580001],[-77.550018353,41.998685728],[-77.686029096,41.998758971],[-77.7293313819999,41.9987822900001],[-77.7652467199999,42.1025130270001],[-77.8116268199999,42.177978082],[-77.855072566,42.2543933900001],[-77.8796170419999,42.3222872090001],[-77.8692267899999,42.372191124],[-77.807868801,42.394608383],[-77.67962167,42.379963898],[-77.5947421369999,42.3624541840001],[-77.5073654019999,42.346439971],[-77.418058805,42.33210384],[-77.3273879709999,42.319629832],[-77.2359169109999,42.309203515],[-77.1442081469999,42.30101204],[-77.052822865,42.295244161],[-76.962321103,42.29209024],[-76.8732619609999,42.2917422260001],[-76.786203851,42.2943936070001],[-76.701704767,42.300239342],[-76.620322599,42.3094757710001],[-76.542615465,42.3223005],[-76.46914209,42.33891226],[-76.400462208,42.3595107510001],[-76.3371370039999,42.384296455],[-76.2740063289999,42.4203301210001],[-76.206198602,42.472997991],[-76.13462345,42.539987474],[-76.097709373,42.5781306580001],[-76.0601982089999,42.618987875],[-76.022206301,42.66227056],[-75.9838508059999,42.707690249],[-75.9452497469999,42.7549585710001],[-75.906522066,42.803787243],[-75.867787666,42.8538880620001],[-75.829167436,42.9049729030001],[-75.790783276,42.9567537030001],[-75.7527581069999,43.0089424650001],[-75.715215872,43.061251239],[-75.678281526,43.1133921240001],[-75.6420810149999,43.165077254],[-75.606741251,43.2160187930001],[-75.572390064,43.2659289280001],[-75.5391561559999,43.314519863],[-75.507169034,43.3615038070001],[-75.476558934,43.406592976],[-75.419993887,43.4899358220001],[-75.370513994,43.5622459630001],[-75.3291772309999,43.6212206980001],[-75.2970421469999,43.664556973],[-75.218263309,43.744402334],[-75.161164591,43.760412086],[-75.085559688,43.6668932760001],[-75.053619549,43.590333754],[-75.0165927529999,43.51586653],[-74.967723221,43.4599411130001],[-74.900216921,43.4389895470001],[-74.80551202,43.477225779],[-74.7572681119999,43.5197357700001],[-74.708280572,43.574729552],[-74.658444295,43.6398740970001],[-74.6076598159999,43.712835874],[-74.555833508,43.7912804710001],[-74.502877868,43.8728722800001],[-74.4487118639999,43.9552742700001],[-74.3932613559999,44.0361478400001],[-74.336459566,44.113152778],[-74.278247604,44.183947322],[-74.2185750299999,44.2461883570001],[-74.1574004459999,44.297531738],[-74.094692112,44.335632751],[-74.0304285549999,44.358146725],[-73.9651137079999,44.331743106],[-73.891396946,44.2416074430001],[-73.8525105539999,44.179565991],[-73.81285945,44.1099029540001],[-73.7728749289999,44.035388212],[-73.7329801709999,43.958790666],[-73.6935900179999,43.8828780950001],[-73.655111097,43.810417176],[-73.6179422719999,43.744173618],[-73.582475411,43.686912423],[-73.518186844,43.6103958740001],[-73.46528876,43.6029896910001],[-73.415083222,43.6482700890001],[-73.357779202,43.7097050510001],[-73.2947802249999,43.779253823],[-73.2275191699999,43.8488742430001],[-73.157465137,43.9105225870001],[-73.086126909,43.956154467],[-73.0150528499999,43.9777268720001],[-72.945827056,43.9672013800001],[-72.8870717,43.9288722370001],[-72.843939182,43.877790987],[-72.812637032,43.8220155130001],[-72.7893613349999,43.76959315],[-72.751680062,43.706961332],[-72.700470611,43.754172095],[-72.669242145,43.8253995900001],[-72.642949387,43.91259861],[-72.631535308,43.9603401650001],[-72.6212143159999,44.0098574020001],[-72.611940749,44.060410704],[-72.603669334,44.111260144],[-72.596355073,44.161665466],[-72.589953134,44.210886087],[-72.5797071819999,44.302809305],[-72.5725727989999,44.381099146],[-72.5681888419999,44.4398214880001],[-72.560500186,44.493831281],[-72.543060978,44.5585968280001],[-72.5150892449999,44.6291502950001],[-72.475801269,44.7005182590001],[-72.424419265,44.767720644],[-72.360180252,44.8257701430001],[-72.2823461179999,44.8696722170001],[-72.1902148029999,44.8944257],[-72.0922589739999,44.892928173],[-71.9991186499999,44.868703289],[-71.9134995919999,44.8327298450001],[-71.838037574,44.7959905880001],[-71.7278586439999,44.764147463],[-71.6889367329999,44.861044141],[-71.692248951,45.003726804],[-71.6922699519999,45.010517932],[-71.692269827,45.012815921],[-71.6906347279999,45.020854594],[-71.689804502,45.0249358250001],[-71.6816822899999,45.072408642],[-71.633995732,45.126266197],[-71.607407375,45.1562732290001],[-71.5607965499999,45.180654549],[-71.5153064799999,45.2044395590001],[-71.4490449629999,45.226904603],[-71.4226899829999,45.217189434],[-71.406566935,45.2049421190001],[-71.4130264889999,45.1861835740001],[-71.417478244,45.180654549],[-71.441603557,45.1506818650001],[-71.445996054,45.1402949020001],[-71.4512153739999,45.1216913860001],[-71.4565897219999,45.1109943650001],[-71.4662460529999,45.1004454690001],[-71.4701047849999,45.096229517],[-71.4972590739999,45.0665526330001],[-71.504752157,45.052961731],[-71.505976255,45.0424893900001],[-71.506612508,45.0370453900001],[-71.504853311,45.020854594],[-71.504080364,45.0137393190001],[-71.505848137,45.013731075],[-71.5215759709999,45.0096232280001],[-71.5317566349999,45.0000529160001],[-71.535125775,44.9738322130001],[-71.5278503849999,44.9505900250001],[-71.514129681,44.935306822],[-71.50570683,44.9195841660001],[-71.5146179629999,44.8950480330001],[-71.5592468689999,44.8494181500001],[-71.606219525,44.801444519],[-71.63070683,44.765336119]]]]},"properties":{"NAME":"New York","NAME_LONG":"New York","ABBREV":"N.Y."}},{"type":"Feature","geometry":{"type":"MultiPolygon","coordinates":[[[[-79.360951301,33.0056826840001],[-79.36839759,33.0056826840001],[-79.3680720689999,33.0248884140001],[-79.3631078769999,33.0430362000001],[-79.3530981109999,33.057562567],[-79.3377579419999,33.066148179],[-79.3355606759999,33.064683335],[-79.335113085,33.0631778020001],[-79.3365779289999,33.061712958],[-79.3404434889999,33.060248114],[-79.3416235019999,33.045233466],[-79.360951301,33.0056826840001]]],[[[-82.367132611,35.2012736190001],[-82.3628113219999,35.20007733],[-82.2872009709999,35.205887878],[-82.21574101,35.202811705],[-82.206195111,35.2024454940001],[-82.17902226,35.2012736190001],[-82.1363708919999,35.199466978],[-82.0803650329999,35.197025572],[-82.013055463,35.194193541],[-81.9365906189999,35.1909220570001],[-81.8531189389999,35.1873576030001],[-81.764715619,35.183597838],[-81.673529096,35.1797160020001],[-81.581658978,35.175785338],[-81.4912781189999,35.1719767450001],[-81.404461713,35.168241393],[-81.3233581969999,35.16479901],[-81.250018353,35.1616740100001],[-81.1866394469999,35.158939635],[-81.135321088,35.1567667830001],[-81.0735290959999,35.1542033070001],[-81.061004681,35.1522257680001],[-81.0526062439999,35.1495890490001],[-81.048455853,35.146341978],[-81.0447449159999,35.142777525],[-81.041864056,35.138822447],[-81.0396179629999,35.134769713],[-81.0382263609999,35.1298136580001],[-81.0378601499999,35.124515807],[-81.0383972599999,35.1191935410001],[-81.0406921809999,35.1140665890001],[-81.051995892,35.0949747910001],[-81.05348515,35.0908244],[-81.0543152279999,35.0872111190001],[-81.054705853,35.0831339710001],[-81.053729291,35.078617369],[-81.0523132749999,35.0738810410001],[-81.048968549,35.069071471],[-81.045208783,35.064579283],[-81.0384949159999,35.0599650250001],[-81.033319135,35.0598185410001],[-81.0277038999999,35.061283385],[-80.944866986,35.1099650250001],[-80.9380310489999,35.1129923690001],[-80.933636517,35.1126505720001],[-80.930389447,35.1110880730001],[-80.927117963,35.108133971],[-80.8904968689999,35.0680949080001],[-80.836590619,35.009330261],[-80.792913861,34.961747253],[-80.78942265,34.955741393],[-80.7886413999999,34.9492960800001],[-80.792645306,34.84592694],[-80.792279096,34.8389933460001],[-80.7901794859999,34.832718932],[-80.784027142,34.8275919780001],[-80.7762390559999,34.8257365100001],[-80.736785931,34.82495526],[-80.7256287049999,34.8247599470001],[-80.6940124939999,34.82417401],[-80.6449158139999,34.823270689],[-80.581219525,34.822123228],[-80.505902142,34.820707213],[-80.4217956969999,34.8191691270001],[-80.3318542909999,34.8174845570001],[-80.239007611,34.8157511580001],[-80.1461365169999,34.813993347],[-80.056219525,34.812357603],[-79.972088666,34.810795103],[-79.896746869,34.809403502],[-79.833074994,34.8082072130001],[-79.7839539,34.807279478],[-79.7523376889999,34.8067667830001],[-79.741180463,34.8064982280001],[-79.703802533,34.8058146350001],[-79.6734802669999,34.801273619],[-79.6535095639999,34.7957316270001],[-79.621722455,34.7689494],[-79.556170697,34.7135783070001],[-79.4906433529999,34.658158385],[-79.42511601,34.602762877],[-79.3595642519999,34.547367369],[-79.2940369079999,34.491971861],[-79.2285095639999,34.4365763530001],[-79.162957806,34.3811808460001],[-79.097430463,34.325785338],[-79.0319031189999,34.2703898310001],[-78.966375775,34.2149943220001],[-78.900848431,34.159598814],[-78.835321088,34.104203307],[-78.769744916,34.0488077990001],[-78.704241986,33.9934367050001],[-78.6387146419999,33.9380411970001],[-78.573162885,33.8826212750001],[-78.573145247,33.8826063640001],[-78.6000056629999,33.875881252],[-78.6000056629999,33.8690453150001],[-78.590443489,33.8676211610001],[-78.5828751289999,33.8637149110001],[-78.5772192049999,33.8571638040001],[-78.5733129549999,33.847967841],[-78.6150610019999,33.8457705750001],[-78.656971809,33.83193594],[-78.763335741,33.7785505230001],[-78.8675024079999,33.704535223],[-78.937977668,33.642075914],[-79.0314835279999,33.533596096],[-79.1331274079999,33.4174258480001],[-79.156117317,33.3755557310001],[-79.148671028,33.368801174],[-79.156117317,33.3578148460001],[-79.182606575,33.2412783870001],[-79.183461067,33.2179222680001],[-79.189605273,33.2179222680001],[-79.197377082,33.232326565],[-79.198638476,33.2684593770001],[-79.203277148,33.286810614],[-79.213693814,33.3006859400001],[-79.2268774079999,33.306301174],[-79.2684626939999,33.306708075],[-79.272043424,33.3172875020001],[-79.263172981,33.340277411],[-79.237172004,33.3865420590001],[-79.200998502,33.42210521],[-79.189605273,33.430853583],[-79.189605273,33.4369977890001],[-79.21202552,33.4283714860001],[-79.232289192,33.412095445],[-79.277088996,33.359116929],[-79.288238085,33.3392601580001],[-79.2963761059999,33.3177757830001],[-79.299468554,33.2967796900001],[-79.2914119129999,33.2777367210001],[-79.272043424,33.261460679],[-79.248280403,33.25014883],[-79.214019335,33.2424990910001],[-79.2113337879999,33.2339541690001],[-79.212391731,33.2227237000001],[-79.210113085,33.21112702],[-79.2029516269999,33.192938544],[-79.197255012,33.187892971],[-79.183461067,33.1837832700001],[-79.1959122389999,33.1751976580001],[-79.2101944649999,33.1677920590001],[-79.2228897779999,33.157945054],[-79.2305802069999,33.142238674],[-79.23932858,33.1497256530001],[-79.24722246,33.166815497],[-79.2551163399999,33.170152085],[-79.268910286,33.1660830750001],[-79.270008918,33.156561591],[-79.2628067699999,33.145249742],[-79.251698371,33.135972398],[-79.2563370429999,33.130601304],[-79.260894335,33.1266950540001],[-79.2659805979999,33.1240908870001],[-79.272206184,33.122300523],[-79.279204882,33.1393496770001],[-79.297271288,33.149115302],[-79.319894986,33.1538760440001],[-79.3404434889999,33.155829169],[-79.329823371,33.1424828150001],[-79.307606575,33.1375186220001],[-79.289865689,33.1300316430001],[-79.2926326159999,33.108710028],[-79.3076879549999,33.095404364],[-79.3517960279999,33.078843492],[-79.3714900379999,33.0640322940001],[-79.378732877,33.0463320980001],[-79.379790819,33.029730536],[-79.387033658,33.0173200540001],[-79.412464973,33.0124372420001],[-79.4353735019999,33.010972398],[-79.457630989,33.0067406270001],[-79.477040168,33.0000674500001],[-79.491322395,32.991400458],[-79.4957169259999,33.0018985050001],[-79.50902259,33.0216738950001],[-79.5118302069999,33.029242255],[-79.520008918,33.0412051450001],[-79.538644986,33.0362816430001],[-79.570139127,33.0192731790001],[-79.584828254,33.0138207050001],[-79.597157356,33.0004743510001],[-79.6229141919999,32.955308335],[-79.6245011059999,32.943833726],[-79.6194555329999,32.9321963560001],[-79.607411262,32.916245835],[-79.6021622389999,32.924139716],[-79.5944718089999,32.9301211610001],[-79.5848689439999,32.9343936220001],[-79.573841926,32.936753648],[-79.581410286,32.9216983090001],[-79.588734504,32.91412995],[-79.63780677,32.8906924500001],[-79.645253059,32.8889020850001],[-79.653716601,32.8858096370001],[-79.6581925119999,32.8787295590001],[-79.661529101,32.8716494810001],[-79.666371223,32.8684756530001],[-79.6930232409999,32.860093492],[-79.71222897,32.8403994810001],[-79.727935351,32.817531643],[-79.7445369129999,32.7996279970001],[-79.7986547519999,32.773098049],[-79.8287247389999,32.7627627620001],[-79.850982226,32.7586123720001],[-79.8621313139999,32.764064846],[-79.8708389959999,32.7760277360001],[-79.881662564,32.7879906270001],[-79.899077929,32.7934024110001],[-79.906239387,32.800441799],[-79.897450325,32.816148179],[-79.8748673169999,32.841213283],[-79.892323371,32.854803778],[-79.899159309,32.85175202],[-79.9034317699999,32.844916083],[-79.9046931629999,32.8379580750001],[-79.902821418,32.8343773460001],[-79.938099739,32.8540713560001],[-79.9437556629999,32.8514671900001],[-79.941639778,32.8375511740001],[-79.9322403639999,32.812201239],[-79.9300837879999,32.7964541690001],[-79.934071418,32.783433335],[-79.943959114,32.782375393],[-79.9574275379999,32.78904857],[-79.971669075,32.7996279970001],[-79.9676407539999,32.7852237000001],[-79.9574275379999,32.7720401060001],[-79.9431046209999,32.7623558610001],[-79.907785611,32.755519924],[-79.899159309,32.748032945],[-79.8930557929999,32.7390811220001],[-79.878977017,32.731390692],[-79.8759659499999,32.7322451840001],[-79.8748673169999,32.7381045590001],[-79.8680313789999,32.7381045590001],[-79.871408658,32.7083194030001],[-79.8873184889999,32.6881371110001],[-79.9457087879999,32.653265692],[-79.9559220039999,32.649359442],[-79.981312629,32.6487490910001],[-80.0059708319999,32.6531436220001],[-80.01667233,32.6537132830001],[-80.025705533,32.6487490910001],[-80.025705533,32.6425235050001],[-80.002797004,32.6294619810001],[-79.995472786,32.619045315],[-80.00511634,32.611558335],[-80.057932095,32.6039899760001],[-80.104237434,32.590806382],[-80.125640429,32.5879580750001],[-80.149077929,32.5814476580001],[-80.163075325,32.57025788],[-80.177113411,32.5670433610001],[-80.200754361,32.584214585],[-80.232329882,32.612982489],[-80.2512914699999,32.623765367],[-80.265939908,32.621405341],[-80.2539770169999,32.6085472680001],[-80.2074275379999,32.573228257],[-80.201771614,32.5715192730001],[-80.200754361,32.5694033870001],[-80.204457161,32.5606143250001],[-80.2112930979999,32.5520694030001],[-80.2209366529999,32.54682038],[-80.2315567699999,32.5424258480001],[-80.303456184,32.497951565],[-80.315663215,32.4944522160001],[-80.323231575,32.4884300800001],[-80.331206835,32.486395575],[-80.344471809,32.494818427],[-80.3499649729999,32.5051944030001],[-80.3513891269999,32.5166690120001],[-80.355376757,32.526922919],[-80.3689672519999,32.533351955],[-80.366037564,32.516913153],[-80.369252082,32.498765367],[-80.378163215,32.484116929],[-80.392567512,32.4780947940001],[-80.409331835,32.4811058610001],[-80.4188126289999,32.48826732],[-80.427845832,32.497259833],[-80.443430142,32.505357164],[-80.462269661,32.5092227230001],[-80.475738085,32.509751695],[-80.4878637359999,32.512355861],[-80.5250138009999,32.5401878930001],[-80.5325821609999,32.547837632],[-80.539662239,32.5606143250001],[-80.547108528,32.5606143250001],[-80.5472712879999,32.548895575],[-80.54417884,32.5379092470001],[-80.5389298169999,32.5278994810001],[-80.5328263009999,32.519029039],[-80.5579727859999,32.516343492],[-80.6290177069999,32.525864976],[-80.660064257,32.525864976],[-80.669789192,32.521144924],[-80.677967903,32.511460679],[-80.677479621,32.497951565],[-80.659413215,32.5060082050001],[-80.570952929,32.491685289],[-80.5591934889999,32.4926618510001],[-80.540842252,32.496975002],[-80.529408332,32.497951565],[-80.5161026679999,32.4954287780001],[-80.4918513659999,32.4829776060001],[-80.478179491,32.4780947940001],[-80.478179491,32.4706485050001],[-80.505279101,32.4723574890001],[-80.5349014959999,32.4707705750001],[-80.56354733,32.4656436220001],[-80.5874731109999,32.4569359400001],[-80.4952286449999,32.450751044],[-80.46983802,32.4421247420001],[-80.458363411,32.4231631530001],[-80.463490364,32.4041201840001],[-80.5067439439999,32.3887393250001],[-80.5303848949999,32.373521226],[-80.5476781889999,32.3571231140001],[-80.547108528,32.347113348],[-80.5283097,32.3489444030001],[-80.5015356109999,32.3588320980001],[-80.476918098,32.371527411],[-80.464507616,32.3819033870001],[-80.449370898,32.393988348],[-80.441639778,32.4012718770001],[-80.437245246,32.409816799],[-80.429798957,32.409816799],[-80.4336645169999,32.3902041690001],[-80.4410701159999,32.366115627],[-80.451649543,32.3500430360001],[-80.464507616,32.3545596370001],[-80.470773892,32.3545596370001],[-80.4702856109999,32.349310614],[-80.472035286,32.348089911],[-80.4750056629999,32.3482933610001],[-80.478179491,32.347113348],[-80.459868944,32.3373070330001],[-80.470773892,32.322739976],[-80.553293424,32.278794664],[-80.564198371,32.2771670590001],[-80.5801895819999,32.279120184],[-80.5874731109999,32.278794664],[-80.62604733,32.262600002],[-80.6368302069999,32.266791083],[-80.6426895819999,32.2931175800001],[-80.642201301,32.319240627],[-80.6290177069999,32.3819033870001],[-80.664418098,32.3682315120001],[-80.669992642,32.3736026060001],[-80.651193814,32.4455427100001],[-80.65729733,32.4627139340001],[-80.683664517,32.4644229190001],[-80.68097897,32.4564883480001],[-80.6793513659999,32.454575914],[-80.6765030589999,32.4557559270001],[-80.669992642,32.4569359400001],[-80.6688533189999,32.4538028020001],[-80.663156705,32.450751044],[-80.67284095,32.439113674],[-80.67690996,32.4256859400001],[-80.677479621,32.357652085],[-80.675200976,32.3499209660001],[-80.6653946609999,32.333970445],[-80.663156705,32.323553778],[-80.667469856,32.305365302],[-80.678293424,32.302720445],[-80.6917618479999,32.3096377620001],[-80.7593481109999,32.360785223],[-80.784413215,32.4162458350001],[-80.796009895,32.4532738300001],[-80.7969457669999,32.474351304],[-80.7830297519999,32.491685289],[-80.785552538,32.496730861],[-80.79808509,32.4981957050001],[-80.8140356109999,32.505357164],[-80.822499153,32.5181338560001],[-80.827504036,32.53139883],[-80.835926887,32.5401065120001],[-80.854969856,32.5394961610001],[-80.854969856,32.533351955],[-80.842762825,32.524237372],[-80.828439908,32.495672919],[-80.820790168,32.484849351],[-80.820790168,32.4780947940001],[-80.8289281889999,32.455267645],[-80.8157852859999,32.419256903],[-80.7969457669999,32.3825544290001],[-80.787342903,32.357652085],[-80.798573371,32.3336449240001],[-80.7989395819999,32.319728908],[-80.783558723,32.313625393],[-80.775786913,32.305731512],[-80.745106575,32.258978583],[-80.727040168,32.2659365910001],[-80.71214759,32.263006903],[-80.7001846999999,32.2544619810001],[-80.691070116,32.244696356],[-80.677316861,32.225327867],[-80.6778458319999,32.2147484400001],[-80.704701301,32.190659898],[-80.737131314,32.1520856790001],[-80.820790168,32.108140367],[-80.8115942049999,32.1446800800001],[-80.777211067,32.2072614600001],[-80.779855924,32.244696356],[-80.7879939439999,32.2358259140001],[-80.7905981109999,32.2243106140001],[-80.791127082,32.2110049500001],[-80.793527799,32.1969261740001],[-80.800770637,32.186224677],[-80.823475715,32.1657575540001],[-80.828236457,32.1590843770001],[-80.832142707,32.1343447940001],[-80.8419083319999,32.1159528670001],[-80.887562629,32.0694033870001],[-80.894520637,32.0588239600001],[-80.895985481,32.0466983090001],[-80.8902888659999,32.0326602230001],[-80.890287658,32.0326572030001],[-80.8909363219999,32.0324747920001],[-80.911004681,32.033890807],[-80.929241986,32.039725768],[-80.944549603,32.0497111190001],[-80.950970502,32.0635294780001],[-80.957952924,32.070780455],[-80.9981628849999,32.087113463],[-81.020037885,32.0912150250001],[-81.0778992129999,32.087113463],[-81.0865417909999,32.091507994],[-81.115448041,32.1218790880001],[-81.1209167909999,32.125687683],[-81.1314636659999,32.1309122910001],[-81.135955853,32.135526549],[-81.1387634709999,32.1427286970001],[-81.1380554629999,32.148221861],[-81.136273236,32.152323424],[-81.135955853,32.1553995960001],[-81.153778119,32.1873087750001],[-81.156414838,32.193876158],[-81.154290814,32.2048869],[-81.1448914,32.222123228],[-81.142767377,32.228007018],[-81.144476361,32.2540568220001],[-81.142767377,32.265262877],[-81.139520306,32.274662291],[-81.131805463,32.288187682],[-81.129754681,32.300004088],[-81.131781049,32.321195494],[-81.1397156189999,32.338578307],[-81.1519714779999,32.3503214710001],[-81.166986127,32.3546427600001],[-81.197381635,32.4365763530001],[-81.196307416,32.4678263540001],[-81.200750775,32.4845499860001],[-81.2147644469999,32.491800964],[-81.228265424,32.496000182],[-81.233416791,32.5057658070001],[-81.235321088,32.5171427600001],[-81.238958783,32.5259562360001],[-81.244354291,32.529716002],[-81.2662781189999,32.539603698],[-81.2700867129999,32.5388712750001],[-81.27536015,32.542631041],[-81.2902039,32.557328307],[-81.297576947,32.5636271350001],[-81.3058044859999,32.5690714710001],[-81.314813275,32.572928893],[-81.344793744,32.5778117050001],[-81.3653503849999,32.586381041],[-81.383392377,32.5973185420001],[-81.396014447,32.60788983],[-81.405755658,32.6242960800001],[-81.4046570249999,32.6388224470001],[-81.3992615169999,32.654227722],[-81.396014447,32.673343932],[-81.3980408139999,32.680106627],[-81.4028992129999,32.6879923690001],[-81.40870976,32.6945353380001],[-81.41339726,32.6972697140001],[-81.4160583919999,32.7019572130001],[-81.4121765559999,32.7123087750001],[-81.4096863219999,32.7245646350001],[-81.4034363219999,32.731400572],[-81.402508588,32.744901549],[-81.4084656189999,32.7606486190001],[-81.4185974549999,32.7746867050001],[-81.423944135,32.7900431500001],[-81.4251160099999,32.804813658],[-81.428118939,32.8203654160001],[-81.4375671809999,32.848075377],[-81.488787885,32.9231974470001],[-81.500408978,32.9316935420001],[-81.500457806,32.9510294780001],[-81.4922058529999,32.985257994],[-81.4957214779999,33.0022501820001],[-81.505169721,33.022587096],[-81.5176208919999,33.039554869],[-81.5300964779999,33.0467081890001],[-81.55192265,33.049759947],[-81.567083783,33.057743346],[-81.595233197,33.0808634630001],[-81.6361023379999,33.100590025],[-81.724139447,33.1311320180001],[-81.75973515,33.1559367050001],[-81.7647644469999,33.169925963],[-81.7704773379999,33.209769713],[-81.7770935489999,33.218021666],[-81.799505658,33.219217955],[-81.8175476499999,33.224686705],[-81.833245892,33.2371622910001],[-81.8484802669999,33.2595988140001],[-81.834515424,33.267508971],[-81.831219525,33.2779093610001],[-81.8382507749999,33.289383971],[-81.855316205,33.300541197],[-81.841668744,33.3067911970001],[-81.841668744,33.313602721],[-81.848724408,33.3167765490001],[-81.860467572,33.320609557],[-81.8715271419999,33.3218302600001],[-81.8764099549999,33.3173136580001],[-81.880120892,33.312382018],[-81.888494916,33.318558775],[-81.930975385,33.361234557],[-81.93786015,33.376175963],[-81.923602338,33.382523619],[-81.9358581969999,33.406962096],[-81.933221478,33.414457213],[-81.917401166,33.416605651],[-81.925921674,33.4319865100001],[-81.9310486269999,33.4371378770001],[-81.923944135,33.4585734240001],[-81.9380554629999,33.4760783080001],[-81.978216596,33.499198424],[-81.998748822,33.515433775],[-82.0409363219999,33.560013853],[-82.061785931,33.574686705],[-82.081512494,33.5828654160001],[-82.1290466739999,33.5947794780001],[-82.1505310489999,33.602958189],[-82.1739929629999,33.616459166],[-82.193890424,33.6346476430001],[-82.208270306,33.6636759630001],[-82.2167664,33.68601483],[-82.232879681,33.705863463],[-82.245306439,33.750541197],[-82.272625775,33.7778849470001],[-82.321038861,33.815116393],[-82.363250775,33.843656432],[-82.401702924,33.8647501820001],[-82.434002728,33.877176939],[-82.465008588,33.8945841660001],[-82.4885925719999,33.9168986190001],[-82.5059997989999,33.9380411970001],[-82.5221130799999,33.951664244],[-82.541986127,33.951664244],[-82.5581238219999,33.956644713],[-82.570526166,33.967801939],[-82.577972455,33.9939005720001],[-82.58917851,34.0174601430001],[-82.5993835879999,34.045414244],[-82.6077820249999,34.056376158],[-82.6313415959999,34.06689862],[-82.639520306,34.080863463],[-82.650433392,34.1087199080001],[-82.658123822,34.1187540880001],[-82.6693542909999,34.1301798700001],[-82.682098431,34.1395792830001],[-82.7057312439999,34.1477335800001],[-82.7220886659999,34.1665079940001],[-82.7289246029999,34.170780455],[-82.734442181,34.184720885],[-82.753436322,34.2700724470001],[-82.761419721,34.2927775250001],[-82.818475385,34.366092955],[-82.827508588,34.3749796740001],[-82.841180463,34.4072550640001],[-82.8461121029999,34.4345744],[-82.857293744,34.460648619],[-82.899505658,34.482963072],[-82.967767377,34.482963072],[-83.0149597599999,34.481717955],[-83.0472351499999,34.4966349470001],[-83.0633728459999,34.511527525],[-83.079510541,34.5351115100001],[-83.100604291,34.54629315],[-83.121722455,34.569877135],[-83.1589539,34.5872355330001],[-83.1664246029999,34.5996622910001],[-83.168304486,34.6131388530001],[-83.1753601499999,34.6146036970001],[-83.199090619,34.6089640490001],[-83.2326111269999,34.622635924],[-83.2861524199999,34.6514220080001],[-83.2730294959999,34.6815808550001],[-83.2916987179999,34.765750858],[-83.2899867989999,34.832264112],[-83.289393652,34.8552971240001],[-83.257564065,34.9098499780001],[-83.2088503969999,34.895314413],[-83.187752987,34.8890184040001],[-83.141577612,34.8503508530001],[-83.095427811,34.8091678780001],[-83.050688592,34.769709016],[-83.008732417,34.73621658],[-82.938609011,34.704111267],[-82.895894318,34.746821193],[-82.8908242799999,34.798112197],[-82.897514516,34.8574157520001],[-82.910560452,34.9200240120001],[-82.924540265,34.981230828],[-82.930402378,35.0461577320001],[-82.93351683,35.0806314510001],[-82.880778501,35.117998282],[-82.796879798,35.083858034],[-82.795301323,35.082364748],[-82.7340888799999,35.0244348340001],[-82.68156849,34.985585615],[-82.628375124,35.0131479770001],[-82.5878097579999,35.071586615],[-82.5592469069999,35.1140685070001],[-82.527905404,35.160450236],[-82.510565228,35.160697447],[-82.502996869,35.162089049],[-82.497723431,35.164310728],[-82.492987103,35.1685343610001],[-82.485345502,35.1738810410001],[-82.4788757749999,35.1761027210001],[-82.442840619,35.1762980330001],[-82.435125775,35.178568541],[-82.429998822,35.1826701030001],[-82.4245056579999,35.1974650250001],[-82.419696088,35.20308026],[-82.413079877,35.208133971],[-82.3982605409999,35.216166197],[-82.3912292909999,35.2183146350001],[-82.3844421809999,35.2178507680001],[-82.380804486,35.2150675640001],[-82.377728314,35.21191815],[-82.373284955,35.2059122910001],[-82.370819135,35.2034220570001],[-82.367132611,35.2012736190001]]]]},"properties":{"NAME":"South Carolina","NAME_LONG":"South Carolina","ABBREV":"S.C."}},{"type":"Feature","geometry":{"type":"MultiPolygon","coordinates":[[[[-77.068332791,38.9019375960001],[-77.063687005,38.891255191],[-77.051814639,38.8810929380001],[-77.04524338,38.8761929250001],[-77.0390170209999,38.8682698900001],[-77.034951312,38.860972798],[-77.033039243,38.8539704770001],[-77.032801023,38.8452666660001],[-77.036952108,38.8398402010001],[-77.0438213349999,38.8393927990001],[-77.0432797189999,38.835382697],[-77.0400488079999,38.827398977],[-77.0375713769999,38.8150504050001],[-77.0383536899999,38.7962827750001],[-77.0429595449999,38.7918529430001],[-77.04974817,38.7887265340001],[-77.052617098,38.7836552090001],[-77.047693896,38.776368119],[-77.046589449,38.767685749],[-77.0447518419999,38.7479724560001],[-77.042527271,38.7289079940001],[-77.047771488,38.715723534],[-77.0699562559999,38.7106638320001],[-77.0892227859999,38.710394598],[-77.099354621,38.706854559],[-77.109445767,38.7075056010001],[-77.1172582669999,38.706244208],[-77.124012825,38.687201239],[-77.131035707,38.6771914060001],[-77.142403776,38.676993583],[-77.149054339,38.6857270800001],[-77.1582970959999,38.691627542],[-77.167785817,38.6889586930001],[-77.1693332659999,38.67933656],[-77.154296248,38.663649438],[-77.1379964109999,38.6504369470001],[-77.1348651429999,38.6362830750001],[-77.162924624,38.631529249],[-77.187163952,38.6207995280001],[-77.200888648,38.6237506380001],[-77.209287494,38.6310583360001],[-77.204973201,38.6389498030001],[-77.195423957,38.6557477890001],[-77.201771614,38.665025132],[-77.2158910799999,38.664943752],[-77.2298884759999,38.656683661],[-77.236317512,38.641791083],[-77.23936927,38.6264102230001],[-77.2474259109999,38.6092796900001],[-77.2586563789999,38.59393952],[-77.271717903,38.5838076840001],[-77.266957161,38.5807559270001],[-77.26292884,38.574530341],[-77.258046028,38.5695254580001],[-77.2764786449999,38.559271552],[-77.2847794259999,38.5564639340001],[-77.2847794259999,38.549017645],[-77.2873429029999,38.530178127],[-77.305383798,38.50215255],[-77.326592475,38.4509336750001],[-77.3142500389999,38.406128623],[-77.334700374,38.416707976],[-77.351828531,38.4328250360001],[-77.35871624,38.4292649640001],[-77.3502251819999,38.409553772],[-77.3233792079999,38.390187873],[-77.309055647,38.3794913430001],[-77.297357539,38.3687429980001],[-77.290779981,38.3537846260001],[-77.302160024,38.354260637],[-77.323897203,38.350424368],[-77.343070493,38.348691042],[-77.3385112499999,38.342610785],[-77.2921314669999,38.3407370200001],[-77.248978847,38.329884729],[-77.1854141919999,38.343573309],[-77.166737434,38.34788646],[-77.1335343089999,38.36713288],[-77.085649581,38.3684115],[-77.0584610669999,38.394191799],[-77.040841058,38.395909955],[-77.020369889,38.384585805],[-77.014780628,38.372328363],[-77.016954848,38.355142367],[-77.014000544,38.343524214],[-77.014475064,38.3305117860001],[-77.022997049,38.320051459],[-77.038862888,38.322548884],[-77.052035705,38.323027575],[-77.052738308,38.3168424030001],[-77.038593898,38.3129473870001],[-77.030131515,38.307682062],[-77.000476234,38.277308183],[-76.9749242829999,38.2706973330001],[-76.965443489,38.267238674],[-76.95981921,38.260142505],[-76.955118191,38.2471859870001],[-76.956568585,38.235503717],[-76.961366303,38.218281619],[-76.9541712209999,38.210167718],[-76.912867891,38.1991675410001],[-76.881773207,38.177026676],[-76.830033025,38.165468837],[-76.796981021,38.1694049070001],[-76.775124733,38.1669859470001],[-76.756418424,38.160956122],[-76.750355598,38.14838288],[-76.7393285799999,38.13670482],[-76.715199348,38.1419131530001],[-76.691477017,38.1531436220001],[-76.681467252,38.1592471370001],[-76.6700333319999,38.1574160830001],[-76.6619360019999,38.1528994810001],[-76.655100064,38.147894598],[-76.6473282539999,38.1449649110001],[-76.635365364,38.145005601],[-76.6146134109999,38.150376695],[-76.6071683609999,38.143451553],[-76.601444129,38.1325391240001],[-76.607152991,38.112956789],[-76.5953167499999,38.1050680560001],[-76.581266743,38.0976020950001],[-76.5611351159999,38.089453468],[-76.534423358,38.075170823],[-76.5287142109999,38.064256008],[-76.52074134,38.0528018250001],[-76.533111132,38.042669989],[-76.531890429,38.0387230490001],[-76.5306290359999,38.0251325540001],[-76.5256241529999,38.022691148],[-76.5044822909999,38.023635889],[-76.485134993,38.0217905640001],[-76.4705274129999,38.016265823],[-76.4630713239999,38.0149176620001],[-76.4544164699999,38.0061709660001],[-76.4617813789999,38.0023460960001],[-76.4691462879999,38.000962632],[-76.4586482409999,37.9955508480001],[-76.4081801199999,37.969616697],[-76.3730362619999,37.960598049],[-76.291241669,37.924996808],[-76.2620025389999,37.914303811],[-76.247908899,37.9034710130001],[-76.2424534409999,37.881594977],[-76.235829231,37.85960521],[-76.2396134109999,37.8360863300001],[-76.250070767,37.8228213560001],[-76.2678930329999,37.8244489600001],[-76.2993871739999,37.8508975280001],[-76.315256314,37.8576113950001],[-76.324859179,37.8487002620001],[-76.3178604809999,37.828802802],[-76.2978409499999,37.796128648],[-76.293853319,37.7806664080001],[-76.29409746,37.771429755],[-76.2978409499999,37.761379299],[-76.304676887,37.747748114],[-76.3091527989999,37.746405341],[-76.3160294259999,37.747748114],[-76.322377082,37.748277085],[-76.3251847,37.7443301450001],[-76.317046679,37.7322451840001],[-76.2855118479999,37.71092357],[-76.2841690749999,37.6992862],[-76.292225715,37.694566148],[-76.303700325,37.694037177],[-76.315663215,37.6961123720001],[-76.3251847,37.6992862],[-76.319732226,37.685492255],[-76.32530677,37.6795108090001],[-76.3341365229999,37.67576732],[-76.338856575,37.668890692],[-76.3354386059999,37.659125067],[-76.321115689,37.643988348],[-76.3178604809999,37.637193101],[-76.304676887,37.6378848330001],[-76.321115689,37.6240095070001],[-76.3494360019999,37.6279971370001],[-76.4046524729999,37.6446800800001],[-76.408802864,37.6499697940001],[-76.4193009109999,37.66010163],[-76.4300837879999,37.6668968770001],[-76.435047981,37.661769924],[-76.43862871,37.6629092470001],[-76.44644121,37.670843817],[-76.453765429,37.6835391300001],[-76.456125455,37.6924502620001],[-76.468902148,37.708644924],[-76.478667773,37.695054429],[-76.4896134109999,37.6583519550001],[-76.50499427,37.656927802],[-76.5169164699999,37.668931382],[-76.523915168,37.687892971],[-76.5244034499999,37.6992862],[-76.5355118479999,37.715521552],[-76.57135983,37.7512881530001],[-76.579009569,37.7713076840001],[-76.583485481,37.7772891300001],[-76.6131485669999,37.796128648],[-76.617787239,37.8038597680001],[-76.6219376289999,37.8139102230001],[-76.6285701159999,37.8184268250001],[-76.640492317,37.8091494810001],[-76.64956621,37.813055731],[-76.657826301,37.8189964860001],[-76.662668424,37.828517971],[-76.661529101,37.8433291690001],[-76.674143033,37.8329938820001],[-76.687652148,37.831610419],[-76.700917121,37.8369001320001],[-76.712757942,37.847072658],[-76.750355598,37.895168361],[-76.769528282,37.9144962550001],[-76.8322619349999,37.942972161],[-76.8502953569999,37.9819583410001],[-76.880068456,37.9909569270001],[-76.89573718,38.007308822],[-76.915394661,38.069891669],[-76.934966601,38.09369538],[-76.9470922519999,38.1033389340001],[-76.962635871,38.110825914],[-77.0074356759999,38.1181094420001],[-77.0172013009999,38.1170108090001],[-77.026600715,38.1288516300001],[-77.0362035799999,38.145209052],[-77.047596809,38.1598167990001],[-77.062570767,38.166001695],[-77.1071671209999,38.1749535180001],[-77.125884569,38.17601146],[-77.13394121,38.166001695],[-77.126698371,38.155462958],[-77.109445767,38.1489932310001],[-77.0759171209999,38.1449649110001],[-77.063140429,38.1498477230001],[-77.055490689,38.1496442730001],[-77.05199134,38.1418317730001],[-77.0508927069999,38.1288516300001],[-77.0473526679999,38.1189639340001],[-77.0410050119999,38.1110293640001],[-77.031564908,38.103949286],[-76.960560676,38.089585679],[-76.948963996,38.079779364],[-76.944691536,38.074530341],[-76.9258927069999,38.05882396],[-76.921701627,38.0528018250001],[-76.926414788,37.9967164610001],[-76.922613681,37.9808334090001],[-76.905798021,37.975791766],[-76.89171302,37.9743106140001],[-76.8802384109999,37.9696719420001],[-76.877445946,37.9563633010001],[-76.865920433,37.9419772360001],[-76.847035286,37.928941148],[-76.8311661449999,37.9183617210001],[-76.8164559159999,37.9035519990001],[-76.795286414,37.891957324],[-76.787890058,37.8832306250001],[-76.777800842,37.862091024],[-76.766890753,37.8420404190001],[-76.7526750629999,37.822626235],[-76.74173031,37.8099650910001],[-76.7291195979999,37.7994653960001],[-76.716244538,37.7880970220001],[-76.7030345389999,37.786955171],[-76.687977668,37.789496161],[-76.683990038,37.7892520200001],[-76.679921028,37.789699611],[-76.675200976,37.7887230490001],[-76.6744278639999,37.7851016300001],[-76.6760147779999,37.7718773460001],[-76.675200976,37.7682152360001],[-76.668658755,37.7555015460001],[-76.631935528,37.750427883],[-76.613400521,37.7395390100001],[-76.601722293,37.719650339],[-76.579986132,37.698187567],[-76.579009569,37.6958682310001],[-76.5772192049999,37.688177802],[-76.574029981,37.6732459080001],[-76.5708052519999,37.6532445160001],[-76.5519822289999,37.6267576360001],[-76.522221119,37.614880813],[-76.4634903639999,37.6185570330001],[-76.4430232409999,37.618597723],[-76.428212043,37.624212958],[-76.4042862619999,37.5941836610001],[-76.367583788,37.5842145850001],[-76.3252660799999,37.5806338560001],[-76.2841690749999,37.569566148],[-76.30190996,37.5579287780001],[-76.3192439439999,37.552923895],[-76.366118944,37.549058335],[-76.3929744129999,37.5421817080001],[-76.393381314,37.533148505],[-76.377674934,37.525213934],[-76.3565160799999,37.5217959660001],[-76.3226619129999,37.5012881530001],[-76.301258918,37.4938418640001],[-76.291656054,37.504380601],[-76.289813468,37.5194041050001],[-76.2700617,37.5173555480001],[-76.2627722839999,37.5029278260001],[-76.2639050669999,37.487302114],[-76.267648892,37.4810244810001],[-76.2772110669999,37.470445054],[-76.277414517,37.459702867],[-76.267404752,37.4531924500001],[-76.2557266919999,37.45327383],[-76.2445369129999,37.4495303410001],[-76.244637212,37.4305862570001],[-76.2454427369999,37.3981870000001],[-76.249206489,37.3634285960001],[-76.257640132,37.335510348],[-76.2807037649999,37.3213513580001],[-76.298251265,37.3350691910001],[-76.318959114,37.3709170590001],[-76.3216446609999,37.3862979190001],[-76.333566861,37.384955145],[-76.3480525379999,37.379950262],[-76.366118944,37.3845889340001],[-76.3965958319999,37.4295921900001],[-76.41515052,37.4426944030001],[-76.428212043,37.4181582700001],[-76.4168188139999,37.414984442],[-76.4092911449999,37.407782294],[-76.4046117829999,37.398911851],[-76.401478645,37.39081452],[-76.4116918609999,37.394924221],[-76.422515429,37.3975283870001],[-76.4331762359999,37.396714585],[-76.44249427,37.39081452],[-76.447580533,37.379868882],[-76.442738411,37.372015692],[-76.4158829419999,37.35569896],[-76.408558723,37.3536644550001],[-76.4034317699999,37.349798895],[-76.401478645,37.3399112],[-76.406483528,37.3377139340001],[-76.435047981,37.329331773],[-76.435047981,37.3231468770001],[-76.402658658,37.3250186220001],[-76.394032356,37.3231468770001],[-76.3860977859999,37.3151309270001],[-76.376861132,37.301214911],[-76.3718969389999,37.288031317],[-76.3785049479999,37.272332388],[-76.457430167,37.2610526190001],[-76.496029408,37.2491148400001],[-76.5093524909999,37.2695658390001],[-76.540007107,37.2932357750001],[-76.554680494,37.3079450590001],[-76.561634895,37.3231468770001],[-76.5742895169999,37.325181382],[-76.582020637,37.3304710960001],[-76.642486132,37.4090029970001],[-76.6581925119999,37.4181582700001],[-76.68089759,37.4274763040001],[-76.700103319,37.44940827],[-76.7298477859999,37.4944522160001],[-76.7810766269999,37.535467841],[-76.79027259,37.532700914],[-76.795399543,37.525580145],[-76.797678189,37.51561107],[-76.7981664699999,37.504380601],[-76.79409746,37.4982770850001],[-76.7847794259999,37.4944522160001],[-76.773671028,37.491359768],[-76.7646378249999,37.4870059270001],[-76.7219945949999,37.4272321640001],[-76.6907852859999,37.411078192],[-76.676380989,37.394924221],[-76.654774543,37.36351146],[-76.6062236369999,37.295789101],[-76.533526469,37.255504661],[-76.5043365279999,37.2318137820001],[-76.4680733769999,37.2139662860001],[-76.43229876,37.2224239450001],[-76.402984179,37.2338320980001],[-76.3856095039999,37.2324893250001],[-76.373605924,37.220160223],[-76.3758031889999,37.2177595070001],[-76.378407356,37.20726146],[-76.380238411,37.194566148],[-76.379750129,37.1853701840001],[-76.3731583319999,37.17597077],[-76.3617244129999,37.1665713560001],[-76.351063606,37.16421133],[-76.346262174,37.1754824890001],[-76.3172501289999,37.1594912780001],[-76.2982071609999,37.1445987000001],[-76.291656054,37.130113023],[-76.303212043,37.125921942],[-76.325591601,37.1140811220001],[-76.338612434,37.1017113300001],[-76.322092252,37.095933335],[-76.281605598,37.1041527360001],[-76.2703751289999,37.09764232],[-76.269886848,37.0692813170001],[-76.2745255199999,37.048041083],[-76.282948371,37.0282250020001],[-76.296213345,37.013576565],[-76.315256314,37.0078799500001],[-76.3397110669999,37.0073916690001],[-76.3570450509999,37.0048281920001],[-76.371449348,36.998521226],[-76.3995255199999,36.9783389340001],[-76.415435351,36.97256094],[-76.429188606,36.976304429],[-76.440297004,37.01577383],[-76.4529923169999,37.030178127],[-76.5239406509999,37.05766985],[-76.546063568,37.089407448],[-76.563191259,37.085757128],[-76.611187583,37.119442192],[-76.618596181,37.1307857310001],[-76.619984504,37.14443594],[-76.6108292309999,37.172552802],[-76.617339648,37.19916413],[-76.63402259,37.220689195],[-76.654774543,37.2338320980001],[-76.669300911,37.2271182310001],[-76.7108048169999,37.224025783],[-76.7298477859999,37.220160223],[-76.735218879,37.213202216],[-76.738758918,37.20331452],[-76.7437638009999,37.197495835],[-76.7537735669999,37.2030703800001],[-76.758452929,37.211249091],[-76.7620743479999,37.221421617],[-76.76667233,37.2301292990001],[-76.774240689,37.2338320980001],[-76.791818814,37.2369652360001],[-76.828968879,37.2510440120001],[-76.842844205,37.254299221],[-76.855580207,37.262437242],[-76.857411262,37.281887111],[-76.8563126289999,37.30467357],[-76.860218879,37.3231468770001],[-76.869862434,37.3154971370001],[-76.8735245429999,37.305161851],[-76.873199023,37.278469143],[-76.878163215,37.268988348],[-76.889230924,37.2591820330001],[-76.908029752,37.247463283],[-76.931467252,37.245266018],[-76.9439591139999,37.2560488950001],[-76.953033007,37.2736270200001],[-76.981922981,37.31240469],[-76.990549283,37.32025788],[-77.0035701159999,37.3231468770001],[-77.014515754,37.318752346],[-77.045521614,37.2984072940001],[-77.05199134,37.2918154970001],[-77.055490689,37.2871768250001],[-77.0628962879999,37.29702383],[-77.0701798169999,37.310288804],[-77.0724991529999,37.3163516300001],[-77.082753059,37.32440827],[-77.0910538399999,37.327826239],[-77.100331184,37.327093817],[-77.1134333979999,37.3231468770001],[-77.134429491,37.316880601],[-77.144439257,37.3163516300001],[-77.155262825,37.318345445],[-77.172678189,37.327337958],[-77.178334114,37.329331773],[-77.2200821609999,37.3285179710001],[-77.234974739,37.3341738950001],[-77.250599739,37.349839585],[-77.2779434889999,37.329331773],[-77.274322069,37.3163516300001],[-77.2648819649999,37.3111839860001],[-77.25511634,37.309271552],[-77.250599739,37.3060977230001],[-77.23957272,37.3086612000001],[-77.1749161449999,37.2883975280001],[-77.0892227859999,37.2883975280001],[-77.0833227199999,37.2832705750001],[-77.076161262,37.273260809],[-77.067128059,37.266506252],[-77.055409309,37.2713890650001],[-77.025257942,37.2919782570001],[-77.0172013009999,37.2952334660001],[-76.9951879549999,37.288072007],[-76.9861547519999,37.268988348],[-76.98167884,37.2491722680001],[-76.973215299,37.239976304],[-76.950672981,37.2351748720001],[-76.9135636059999,37.2128360050001],[-76.893706835,37.206488348],[-76.80186927,37.206488348],[-76.787709114,37.200100002],[-76.762808421,37.164255385],[-76.7396680379999,37.156574285],[-76.717994978,37.1500138210001],[-76.6891169909999,37.188625393],[-76.6699721929999,37.1850073470001],[-76.666284341,37.147296565],[-76.6553371249999,37.105121347],[-76.673148544,37.0671381270001],[-76.659743362,37.043310108],[-76.6381669519999,37.039028946],[-76.57160397,37.027736721],[-76.57160397,37.021470445],[-76.581206835,37.01585521],[-76.5840958319999,37.013739325],[-76.585845507,37.0078799500001],[-76.5796606109999,37.0039737000001],[-76.566477017,37.0029157570001],[-76.5579320949999,37.000433661],[-76.5510961579999,36.996649481],[-76.537464973,36.9867617860001],[-76.513543923,36.965187022],[-76.494721875,36.9539859810001],[-76.492909309,36.9434268250001],[-76.491037564,36.9331729190001],[-76.4815974599999,36.9215355490001],[-76.475982226,36.907904364],[-76.4819229809999,36.8985863300001],[-76.495838996,36.8873558610001],[-76.5244034499999,36.870672919],[-76.5244034499999,36.8632266300001],[-76.49738522,36.865220445],[-76.475982226,36.8751895200001],[-76.4565323559999,36.8878848330001],[-76.435047981,36.898016669],[-76.408843554,36.9020449890001],[-76.3806860019999,36.900620835],[-76.3540746739999,36.8943545590001],[-76.332630989,36.883734442],[-76.334950325,36.871812242],[-76.324818489,36.8605003930001],[-76.308338996,36.852240302],[-76.291656054,36.8495547550001],[-76.309966601,36.870428778],[-76.317738411,36.883530992],[-76.315256314,36.8945987000001],[-76.301014778,36.911607164],[-76.306263801,36.9176292990001],[-76.3283661,36.9292859650001],[-76.330425854,36.949787475],[-76.310014526,36.959612052],[-76.268901348,36.961415367],[-76.168771939,36.9284121770001],[-76.1259855999999,36.9162524170001],[-76.078114387,36.911607164],[-76.0557991969999,36.918246442],[-76.035469162,36.934849333],[-76.004591966,36.932358398],[-75.98893009,36.911958542],[-75.960240791,36.8067535590001],[-75.863433398,36.590562242],[-75.853100677,36.5490279600001],[-75.8671081969999,36.5491251830001],[-75.880487103,36.549247252],[-75.880639817,36.549247837],[-75.880645312,36.5492617860001],[-75.885731575,36.5624453800001],[-75.8839005199999,36.5740420590001],[-75.8802384109999,36.584702867],[-75.8801163399999,36.5963402360001],[-75.88402259,36.6044782570001],[-75.8956192699999,36.616766669],[-75.900624153,36.624253648],[-75.9176682389999,36.67966395],[-75.927886523,36.7062035180001],[-75.9351700509999,36.712103583],[-75.9468888009999,36.718451239],[-75.9578344389999,36.7194278020001],[-75.9627172519999,36.7092959660001],[-75.975697395,36.6062686220001],[-75.968251106,36.551662502],[-75.9669220859999,36.5498099260001],[-76.013055463,36.550150572],[-76.013249962,36.55015147],[-76.013254361,36.5501569680001],[-76.044585741,36.5895042990001],[-76.0439346999999,36.575751044],[-76.0399063789999,36.567328192],[-76.034820116,36.559556382],[-76.031727668,36.550279039],[-76.0317250829999,36.5502715420001],[-76.0582703059999,36.550443541],[-76.0952331969999,36.550687682],[-76.132220502,36.550956236],[-76.169207806,36.551224791],[-76.2061706969999,36.551468932],[-76.2498230409999,36.551810728],[-76.293475385,36.5521525250001],[-76.337127728,36.552494322],[-76.3807800719999,36.5528117050001],[-76.447283978,36.552445494],[-76.513836713,36.5520548690001],[-76.580340619,36.551664244],[-76.6468445249999,36.551273619],[-76.713348431,36.5508829940001],[-76.779876752,36.5504923690001],[-76.846405072,36.550101744],[-76.912908978,36.549735534],[-77.0361511659999,36.548783385],[-77.159368939,36.54785565],[-77.2825867129999,36.5469279160001],[-77.4058289,36.5460001820001],[-77.5290710879999,36.545072447],[-77.652288861,36.544144713],[-77.7755066349999,36.543216978],[-77.8987488219999,36.5422648300001],[-78.053729291,36.5422648300001],[-78.20870976,36.5422648300001],[-78.3636902279999,36.5422648300001],[-78.518670697,36.5422648300001],[-78.673651166,36.5422648300001],[-78.8286316349999,36.5422648300001],[-78.983612103,36.5422648300001],[-79.138568158,36.5422648300001],[-79.2574402279999,36.5419474470001],[-79.3763367129999,36.5416544780001],[-79.4952087829999,36.5413370960001],[-79.614080853,36.541019713],[-79.732952924,36.5407023300001],[-79.8518249939999,36.540384947],[-79.9707214779999,36.5400919780001],[-80.0895935489999,36.539774596],[-80.1630554629999,36.542582213],[-80.236492963,36.545365417],[-80.3099304629999,36.548173033],[-80.3833679629999,36.55098065],[-80.456805463,36.5537638530001],[-80.530242963,36.556571471],[-80.603680463,36.5593790880001],[-80.677117963,36.562162291],[-80.745892377,36.5630900250001],[-80.814666791,36.5640177610001],[-80.883441205,36.564945494],[-80.91704304,36.5654106970001],[-80.875681865,36.6042934110001],[-80.816646428,36.660915931],[-80.7570855769999,36.7192122270001],[-80.6970872769999,36.779160957],[-80.6367397799999,36.840740961],[-80.576131648,36.9039312700001],[-80.515351767,36.968711105],[-80.4544893759999,37.035059881],[-80.393634079,37.1029572080001],[-80.332875874,37.172382892],[-80.272305166,37.243316937],[-80.212012789,37.315739541],[-80.1520900259999,37.3896311],[-80.0926286269999,37.4649721990001],[-80.033720829,37.5417436190001],[-79.975459373,37.619926324],[-79.9179375259999,37.699501463],[-79.8612490939999,37.7804503650001],[-79.833246876,37.8214341900001],[-79.805488445,37.8627545320001],[-79.7779856869999,37.9044091040001],[-79.750750526,37.9463956320001],[-79.723794922,37.9887118470001],[-79.697130877,38.031355494],[-79.670770428,38.0743243250001],[-79.644725655,38.117616101],[-79.619008674,38.1612285920001],[-79.5936316459999,38.2051595780001],[-79.568606769,38.2494068440001],[-79.543946285,38.2939681850001],[-79.519662478,38.338841403],[-79.4957676739999,38.384024308],[-79.472274242,38.4295147140001],[-79.449194595,38.4753104450001],[-79.4265411919999,38.521409329],[-79.404326533,38.5678091990001],[-79.382563167,38.614507894],[-79.361263687,38.661503258],[-79.3404407319999,38.7087931400001],[-79.3201069899999,38.7563753900001],[-79.300275193,38.804247865],[-79.2809581239999,38.852408422],[-79.262168613,38.9008549220001],[-79.243919539,38.9495852280001],[-79.22622383,38.9985972040001],[-79.209094464,39.047888714],[-79.19254447,39.097457623],[-79.1765869279999,39.1473017960001],[-79.161234968,39.1974190970001],[-79.146501774,39.2478073880001],[-79.1324005799999,39.2984645300001],[-79.118944674,39.349388381],[-79.106147397,39.400576794],[-79.094022145,39.4520276200001],[-79.089495004,39.472496194],[-79.064666791,39.482328307],[-79.057098431,39.483329283],[-79.047869916,39.4826212750001],[-79.030804486,39.477494322],[-79.014569135,39.469950377],[-78.995721478,39.455863463],[-78.985076947,39.4510538930001],[-78.977508588,39.4498820180001],[-78.969012494,39.4502726430001],[-78.957782025,39.4541544780001],[-78.952069135,39.457694518],[-78.947454877,39.46167401],[-78.9375183529999,39.4740763530001],[-78.877630658,39.521683775],[-78.865643353,39.5346964710001],[-78.8555359309999,39.5481486190001],[-78.852337689,39.551444518],[-78.848187299,39.554838072],[-78.844427533,39.557377135],[-78.839617963,39.559598814],[-78.834442181,39.5610880720001],[-78.8169617129999,39.5640421740001],[-78.8111511659999,39.565873229],[-78.8080261659999,39.5684367050001],[-78.809051556,39.571219909],[-78.813250775,39.5769572130001],[-78.814324994,39.58120526],[-78.813665814,39.586381041],[-78.811224408,39.5916300640001],[-78.808148236,39.596219909],[-78.793499799,39.613480651],[-78.788104291,39.62183026],[-78.7840027279999,39.629862486],[-78.7813904239999,39.63354901],[-78.7785828059999,39.6367960800001],[-78.774725385,39.637845886],[-78.769989056,39.637064636],[-78.762957806,39.63198651],[-78.7599304629999,39.627933775],[-78.750872846,39.620072447],[-78.739666791,39.614213072],[-78.7377380799999,39.6106486190001],[-78.738836713,39.6083292830001],[-78.74386601,39.606888853],[-78.752020306,39.603104674],[-78.754364056,39.600834166],[-78.755926556,39.598221861],[-78.757415814,39.59448651],[-78.757684369,39.5904581890001],[-78.7576111269999,39.587772643],[-78.757098431,39.586063658],[-78.7563660099999,39.584867369],[-78.750750775,39.5787638540001],[-78.748577924,39.5772257680001],[-78.745184369,39.575419127],[-78.708807416,39.561503112],[-78.692327924,39.5526163930001],[-78.6880798769999,39.549320494],[-78.683245892,39.5462199080001],[-78.658758588,39.5399210800001],[-78.5772888609999,39.5291056500001],[-78.5748718689999,39.532938658],[-78.54074101,39.5413615100001],[-78.468963666,39.533597838],[-78.437835736,39.5515910030001],[-78.433148236,39.561722838],[-78.438031049,39.566898619],[-78.457952924,39.5721720570001],[-78.4547058529999,39.586307799],[-78.438446088,39.589994322],[-78.418963666,39.590189635],[-78.406219525,39.594120299],[-78.433807416,39.6241984240001],[-78.42367558,39.6293009630001],[-78.414910931,39.6299357290001],[-78.3953552669999,39.6272990100001],[-78.3861511659999,39.628177916],[-78.3601746029999,39.638187682],[-78.3402771419999,39.6418253780001],[-78.2999451109999,39.634989439],[-78.280023236,39.63535565],[-78.272723431,39.6402140490001],[-78.2548279239999,39.658158385],[-78.2431824159999,39.665433776],[-78.213470502,39.693290221],[-78.205340619,39.697928893],[-78.1959900329999,39.7014201030001],[-78.1844421809999,39.7042521350001],[-78.132977338,39.701346861],[-78.0869324159999,39.6782511580001],[-78.010760541,39.6179484240001],[-77.991790814,39.6079630720001],[-77.9691345639999,39.601566589],[-77.9476990169999,39.600834166],[-77.9322693299999,39.6080119000001],[-77.921356244,39.610697448],[-77.8934997989999,39.604569518],[-77.887884564,39.6080119000001],[-77.882635541,39.61558026],[-77.8705261659999,39.617167174],[-77.8568054629999,39.6150919780001],[-77.846893353,39.611747252],[-77.83226933,39.5964884630001],[-77.837445111,39.5811076030001],[-77.85570683,39.5689982280001],[-77.880438275,39.563944518],[-77.8744080019999,39.5529826040001],[-77.8599304629999,39.5155314320001],[-77.8537292909999,39.5155314320001],[-77.851336713,39.5251017440001],[-77.846087689,39.5360148300001],[-77.838568158,39.5426798690001],[-77.8295349549999,39.539701354],[-77.822967572,39.5283732280001],[-77.826507611,39.520926939],[-77.8324402279999,39.5151408070001],[-77.833245892,39.5086954940001],[-77.820648236,39.4969279160001],[-77.805926556,39.496781432],[-77.789105267,39.5008829940001],[-77.770574994,39.501883971],[-77.770574994,39.495048033],[-77.784417767,39.491971861],[-77.7909363219999,39.4841837750001],[-77.7908386659999,39.473270689],[-77.7848328059999,39.46089276],[-77.8062439389999,39.448148619],[-77.793475385,39.438431822],[-77.747601361,39.423050963],[-77.738934369,39.4061320180001],[-77.743817181,39.387723814],[-77.7514831969999,39.3690226430001],[-77.7513122989999,39.3510294780001],[-77.7360535099999,39.331547057],[-77.7346863219999,39.331058776],[-77.715277142,39.323905456],[-77.66442265,39.3237589710001],[-77.6459167909999,39.3209513540001],[-77.6036072209999,39.307621275],[-77.558367963,39.299003111],[-77.547430463,39.2910929550001],[-77.528192181,39.265726744],[-77.509246869,39.255594908],[-77.486663861,39.250565611],[-77.466741986,39.243754088],[-77.455877728,39.228153502],[-77.4595398379999,39.207694518],[-77.474408002,39.1924357290001],[-77.5073914,39.16948651],[-77.514813275,39.152591978],[-77.509002728,39.137211119],[-77.4957703059999,39.1239298690001],[-77.4808289,39.1130656110001],[-77.4451111269999,39.0845988140001],[-77.421575971,39.0742472520001],[-77.333514447,39.067533385],[-77.3015564389999,39.060306822],[-77.272259564,39.047757994],[-77.2504089779999,39.029496275],[-77.244305463,39.0157511580001],[-77.2402039,38.999784361],[-77.233465619,38.986625182],[-77.219696088,38.9811076030001],[-77.205438275,38.9789591660001],[-77.172039838,38.9695841660001],[-77.1465382409999,38.964729753],[-77.132408011,38.950599522],[-77.119780997,38.9340641470001],[-77.097232758,38.908208832],[-77.084305101,38.9033985410001],[-77.068332791,38.9019375960001]]],[[[-75.263030004,38.022635192],[-75.2433354679999,38.0246875440001],[-75.313580986,37.9190948790001],[-75.3260391919999,37.892279364],[-75.342142508,37.8756609050001],[-75.3522779249999,37.8676224190001],[-75.365410936,37.8628774460001],[-75.37853521,37.855772599],[-75.3929134039999,37.8646992720001],[-75.4001265429999,37.874113272],[-75.388778432,37.878387484],[-75.3690182979999,37.8694721490001],[-75.3582756129999,37.874211754],[-75.34995673,37.889319871],[-75.3637268759999,37.894950624],[-75.374499695,37.8977575690001],[-75.36796544,37.909090647],[-75.350087043,37.9130313170001],[-75.339100715,37.916205145],[-75.330474413,37.922430731],[-75.32526608,37.9326846370001],[-75.3182673819999,37.940375067],[-75.3047582669999,37.9736188820001],[-75.297596809,37.9849307310001],[-75.27855384,38.007635809],[-75.263030004,38.022635192]]],[[[-75.647858363,37.9657165780001],[-75.641556463,37.9747774490001],[-75.631711288,37.983675974],[-75.6235700849999,37.9942784690001],[-75.616347742,37.9957779650001],[-75.591144093,37.997232022],[-75.5480070789999,38.0011095060001],[-75.5053547489999,38.0045023050001],[-75.460278992,38.008864475],[-75.421504148,38.0117725890001],[-75.393392385,38.013711331],[-75.377882447,38.015165388],[-75.377375127,38.015198383],[-75.378285286,38.01166413],[-75.3909805979999,38.002671617],[-75.406849739,37.9973819030001],[-75.421457486,37.9879417990001],[-75.4261775379999,37.97650788],[-75.434344223,37.961832993],[-75.4318816639999,37.951830343],[-75.419151573,37.9432786430001],[-75.425163157,37.9361143950001],[-75.435424111,37.933704597],[-75.434782662,37.9256027550001],[-75.41965456,37.9199231280001],[-75.423855847,37.913716503],[-75.438921259,37.9060509510001],[-75.447920463,37.893635372],[-75.443071421,37.889360228],[-75.425577006,37.8927426990001],[-75.417100779,37.8860919840001],[-75.4248952519999,37.875113328],[-75.446591828,37.8674321400001],[-75.470658193,37.851162519],[-75.4922847959999,37.831084],[-75.51208131,37.808620754],[-75.53126945,37.7878841260001],[-75.5605050469999,37.743902112],[-75.5981444179999,37.700011217],[-75.6270787559999,37.6738318110001],[-75.652822906,37.642552348],[-75.705957688,37.5801830780001],[-75.716686027,37.559551193],[-75.7334692049999,37.5360781920001],[-75.744876096,37.524204036],[-75.7597997469999,37.507953766],[-75.771473762,37.4903018250001],[-75.783924934,37.4835879580001],[-75.788319465,37.4758975280001],[-75.810496164,37.4621824330001],[-75.818707123,37.4542378530001],[-75.810310852,37.443098825],[-75.8148046149999,37.436493676],[-75.8238318269999,37.42755964],[-75.821677231,37.4190196810001],[-75.806309229,37.414503307],[-75.7958743849999,37.405682914],[-75.799961671,37.4000684150001],[-75.8115377499999,37.398357022],[-75.820169259,37.391729234],[-75.828439934,37.3906935590001],[-75.836357872,37.395908136],[-75.855005073,37.3974378370001],[-75.875846259,37.3693508480001],[-75.8873085109999,37.3569672940001],[-75.900477445,37.3255136650001],[-75.911529664,37.290766132],[-75.9234918879999,37.2444415810001],[-75.927296739,37.2113683320001],[-75.934157826,37.173303837],[-75.9350401569999,37.1584169350001],[-75.9359255579999,37.1350163470001],[-75.9491110819999,37.1249519100001],[-75.966428601,37.1347953040001],[-75.9761216129999,37.161518403],[-76.000778087,37.194365245],[-76.00096595,37.220160223],[-75.996205207,37.2338320980001],[-75.996205207,37.239976304],[-76.0169571609999,37.2577985700001],[-76.0149633449999,37.2815615910001],[-76.0001114569999,37.3035342470001],[-75.9825333319999,37.3163516300001],[-75.995920377,37.32025788],[-76.0014542309999,37.319484768],[-76.010568814,37.3163516300001],[-75.990793424,37.353013414],[-75.9847712879999,37.3718936220001],[-75.9899796209999,37.3845889340001],[-75.97378496,37.3915469420001],[-75.96214759,37.403265692],[-75.955881314,37.415920315],[-75.9553116529999,37.4256045590001],[-75.956450976,37.424953518],[-75.96222897,37.42572663],[-75.966175911,37.4245059270001],[-75.968251106,37.4181582700001],[-75.975697395,37.4181582700001],[-75.9728897779999,37.4351260440001],[-75.965646939,37.4529483090001],[-75.9540095689999,37.466986395],[-75.9261775379999,37.4784203150001],[-75.924631314,37.488999742],[-75.9341527989999,37.4950625670001],[-75.9553116529999,37.4870059270001],[-75.9517716139999,37.5159365910001],[-75.9378149079999,37.537298895],[-75.917103645,37.552476304],[-75.8937882149999,37.5627302100001],[-75.93472246,37.5764020850001],[-75.9212540359999,37.585760809],[-75.911040819,37.594875393],[-75.909494595,37.603216864],[-75.9217423169999,37.610541083],[-75.904611783,37.6198591170001],[-75.8826798169999,37.623765367],[-75.8714493479999,37.629543361],[-75.8863419259999,37.6446800800001],[-75.875721809,37.6607119810001],[-75.860829231,37.6690127620001],[-75.841704882,37.6721052100001],[-75.8186742829999,37.672593492],[-75.8249405589999,37.6878115910001],[-75.8238419259999,37.696519273],[-75.7886856759999,37.7274844420001],[-75.790516731,37.733303127],[-75.8118790359999,37.7334658870001],[-75.8118790359999,37.740912177],[-75.790842252,37.75385163],[-75.7774552069999,37.7664248720001],[-75.7779027989999,37.7800967470001],[-75.798207161,37.796128648],[-75.786854621,37.8093936220001],[-75.775542773,37.8079287780001],[-75.764475064,37.800523179],[-75.753488736,37.796128648],[-75.694569465,37.802313544],[-75.7037247389999,37.810736395],[-75.708485481,37.8216820330001],[-75.70811927,37.833156643],[-75.702015754,37.8433291690001],[-75.6948136059999,37.844712632],[-75.671376106,37.841498114],[-75.661040819,37.8433291690001],[-75.669504361,37.852036851],[-75.674305793,37.8613955750001],[-75.6742244129999,37.870347398],[-75.6678360669999,37.878078518],[-75.6709692049999,37.892564195],[-75.689279752,37.903998114],[-75.7175186839999,37.909409898],[-75.742990689,37.905991929],[-75.742990689,37.9121768250001],[-75.7191462879999,37.927639065],[-75.694569465,37.939520575],[-75.661773241,37.9447695980001],[-75.645863411,37.9495303410001],[-75.633127408,37.9600283870001],[-75.647858363,37.9657165780001]]],[[[-75.39223426,37.9053610940001],[-75.402728074,37.9028507020001],[-75.410610727,37.904073434],[-75.401703736,37.9094811360001],[-75.392811281,37.9194429300001],[-75.384459131,37.932302539],[-75.375015639,37.935636435],[-75.363481751,37.941873559],[-75.35772982,37.949342109],[-75.3524927729999,37.9539078250001],[-75.340940717,37.955586349],[-75.341449725,37.950614622],[-75.34405145,37.943153916],[-75.3450743709999,37.9348679340001],[-75.345576063,37.927825798],[-75.3492367889999,37.9232628710001],[-75.359737293,37.9228276890001],[-75.371286018,37.9215609350001],[-75.3765232629999,37.917408021],[-75.385442626,37.914903227],[-75.3854164769999,37.9078620300001],[-75.39223426,37.9053610940001]]],[[[-75.980567772,37.822762508],[-75.9851925399999,37.8072273340001],[-75.993491396,37.819432679],[-75.998438863,37.8359288140001],[-75.9888089549999,37.838644294],[-75.976777929,37.837222625],[-75.980567772,37.822762508]]],[[[-75.65957471,37.482975749],[-75.670617251,37.4770571650001],[-75.6743747469999,37.4858346620001],[-75.662195077,37.5044615160001],[-75.6439288489999,37.534846196],[-75.634227005,37.5583540160001],[-75.621981073,37.571119736],[-75.613391906,37.578002807],[-75.5998059199999,37.5751305100001],[-75.6021946769999,37.5624082790001],[-75.642532351,37.511396818],[-75.65957471,37.482975749]]],[[[-75.6850375719999,37.4149150190001],[-75.719214312,37.3682976080001],[-75.724573769,37.373899392],[-75.707945938,37.398615331],[-75.684319122,37.4367349820001],[-75.676477467,37.4550729950001],[-75.670329447,37.4628439140001],[-75.656127421,37.461505501],[-75.660430401,37.4431844510001],[-75.6850375719999,37.4149150190001]]],[[[-75.767382961,37.303886531],[-75.7797396399999,37.2974726890001],[-75.7859532049999,37.298142711],[-75.781111354,37.302047733],[-75.773158264,37.3052647490001],[-75.7678842649999,37.310933204],[-75.76129669,37.3180198170001],[-75.7485118669999,37.326195485],[-75.7410394509999,37.333637707],[-75.733167055,37.3463700180001],[-75.730572055,37.3541385440001],[-75.727509371,37.359089827],[-75.723514275,37.3587571500001],[-75.723481642,37.354879081],[-75.7256222669999,37.345702803],[-75.730880517,37.3382731820001],[-75.738336491,37.328717293],[-75.7493428289999,37.3198459320001],[-75.759475569,37.3127413120001],[-75.767382961,37.303886531]]],[[[-75.857643584,37.194053492],[-75.839550313,37.1927935780001],[-75.823226892,37.196322534],[-75.8173016539999,37.2069901960001],[-75.811724208,37.2090812210001],[-75.8107792909999,37.200169376],[-75.816242172,37.1860763970001],[-75.829063996,37.176740313],[-75.849591027,37.163584232],[-75.8713279199999,37.142872242],[-75.8865202239999,37.123105777],[-75.89946047,37.117310204],[-75.9145374519999,37.112322584],[-75.928601939,37.112221513],[-75.926316897,37.1178438920001],[-75.91538364,37.1185449350001],[-75.907615632,37.122960471],[-75.90377293,37.1292143090001],[-75.892816256,37.140674254],[-75.8943234779999,37.1612395460001],[-75.901794544,37.175593717],[-75.906213788,37.1945901940001],[-75.905419868,37.234426456],[-75.895603356,37.25296999],[-75.889483446,37.2804045570001],[-75.873970534,37.290379804],[-75.858674917,37.2825141260001],[-75.851751549,37.270772896],[-75.8540552059999,37.260884845],[-75.867196052,37.2541121480001],[-75.876666175,37.2406721640001],[-75.88324571,37.2186480760001],[-75.8771394179999,37.2055925220001],[-75.869313886,37.1984392840001],[-75.857643584,37.194053492]]],[[[-75.804508037,37.241977971],[-75.8120362699999,37.2408729600001],[-75.8142843729999,37.244385126],[-75.8080848479999,37.246191642],[-75.802389164,37.2525678660001],[-75.801124874,37.2599797480001],[-75.799900029,37.271621909],[-75.7995505529999,37.2818476810001],[-75.795994014,37.2808109860001],[-75.79550254,37.275525719],[-75.795406878,37.264949764],[-75.7940114879999,37.257554004],[-75.794401335,37.25190983],[-75.798793023,37.247301694],[-75.804508037,37.241977971]]],[[[-75.9659299339999,37.1078806540001],[-75.9624436249999,37.1048107320001],[-75.954694933,37.1065881990001],[-75.946910422,37.1049253200001],[-75.941242398,37.099462102],[-75.9411581899999,37.091552264],[-75.9466983679999,37.0853198130001],[-75.96092291,37.0841817830001],[-75.973877514,37.0851144420001],[-75.980417829,37.091258753],[-75.9822306789999,37.09881288],[-75.980550218,37.102954131],[-75.974129288,37.107819178],[-75.9659299339999,37.1078806540001]]],[[[-75.908963135,36.549412723],[-75.9267029239999,36.549515807],[-75.9429753679999,36.5496348020001],[-75.942209439,36.5503604190001],[-75.9490453769999,36.5615908870001],[-75.932240364,36.5703799500001],[-75.914296028,36.5758731140001],[-75.9089656239999,36.549424546],[-75.908963135,36.549412723]]]]},"properties":{"NAME":"Virginia","NAME_LONG":"Virginia","ABBREV":"Va."}},{"type":"Feature","geometry":{"type":"Polygon","coordinates":[[[-75.424462523,39.8066136430001],[-75.427642382,39.8034121770001],[-75.462961392,39.784613348],[-75.476714648,39.7721214860001],[-75.4876602859999,39.731675523],[-75.500721809,39.7142601580001],[-75.545765754,39.6702334660001],[-75.5511368479999,39.666245835],[-75.586822069,39.655951239],[-75.592152473,39.6492373720001],[-75.595204231,39.638495184],[-75.6011449859999,39.6272647160001],[-75.605213996,39.616685289],[-75.60269121,39.607896226],[-75.5740453769999,39.585598049],[-75.565500455,39.576849677],[-75.55581621,39.5592715520001],[-75.554595507,39.541164455],[-75.561187304,39.5230166690001],[-75.5750626289999,39.5051944030001],[-75.5835668609999,39.483343817],[-75.5879381679999,39.462770639],[-75.568863116,39.4403548760001],[-75.552760579,39.4257939620001],[-75.527891176,39.4033909240001],[-75.490793424,39.353461005],[-75.4885147779999,39.347316799],[-75.482411262,39.344671942],[-75.4591652569999,39.3282929600001],[-75.4344106199999,39.314873863],[-75.428490188,39.291292781],[-75.407704231,39.270249742],[-75.398019986,39.2493350280001],[-75.394154426,39.2245954450001],[-75.404757129,39.1722308700001],[-75.406116406,39.151998866],[-75.404572668,39.130647151],[-75.4016162359999,39.1171663470001],[-75.3974451809999,39.102636364],[-75.401404341,39.078287597],[-75.393789891,39.0555510250001],[-75.3692051149999,39.0402573280001],[-75.3425821219999,39.020211252],[-75.3148494129999,38.984076239],[-75.311128448,38.967954136],[-75.311070293,38.949468208],[-75.310325874,38.927818264],[-75.296620246,38.913072007],[-75.244352786,38.8597986520001],[-75.1954827279999,38.815490865],[-75.166326654,38.794382357],[-75.130414235,38.782771825],[-75.09992622,38.78804841],[-75.0958609839999,38.797555178],[-75.0992520489999,38.805480878],[-75.092474763,38.807591577],[-75.084340485,38.7959665110001],[-75.066122552,38.6780249500001],[-75.0648071379999,38.6326089720001],[-75.0718481109999,38.6383324240001],[-75.0776218339999,38.6864751980001],[-75.086410657,38.693344819],[-75.120921037,38.683834673],[-75.1391885209999,38.68805248],[-75.119781054,38.658880927],[-75.13394121,38.66038646],[-75.139393684,38.662054755],[-75.1458634109999,38.661525783],[-75.147206184,38.6600609400001],[-75.149973111,38.6598167990001],[-75.1533096999999,38.658880927],[-75.142567512,38.6505394550001],[-75.130441861,38.643052476],[-75.1161189439999,38.638413804],[-75.09870358,38.638413804],[-75.121408658,38.62132396],[-75.1900528639999,38.606675523],[-75.207915819,38.5900332700001],[-75.187408007,38.5900332700001],[-75.191517707,38.5827090520001],[-75.19644121,38.576849677],[-75.2019750639999,38.572455145],[-75.207915819,38.5695254580001],[-75.191761848,38.566961981],[-75.1522110669999,38.5884463560001],[-75.1260473299999,38.5900332700001],[-75.119618293,38.5842959660001],[-75.1116837229999,38.57416413],[-75.1032608709999,38.565904039],[-75.095570442,38.56639232],[-75.0751847,38.5864932310001],[-75.069567275,38.59353557],[-75.0692032539999,38.6083031270001],[-75.065337694,38.614935614],[-75.060091086,38.6125406200001],[-75.058745697,38.6051475730001],[-75.0567343049999,38.586665777],[-75.057728645,38.552720445],[-75.0528458319999,38.5273298200001],[-75.050021191,38.4989853340001],[-75.0473283859999,38.4757326080001],[-75.04397539,38.453802802],[-75.057728645,38.4534365910001],[-75.0580948559999,38.4537214210001],[-75.062733528,38.457342841],[-75.068592903,38.4599063170001],[-75.0757950509999,38.46100495],[-75.085031705,38.46088288],[-75.083892382,38.4535993510001],[-75.1087837539999,38.453519713],[-75.162982973,38.453275573],[-75.2409126599999,38.453373228],[-75.31879352,38.4534952990001],[-75.396723207,38.453617369],[-75.474652895,38.4537150250001],[-75.555409926,38.455631361],[-75.6302897509999,38.4573178440001],[-75.693701494,38.4603535120001],[-75.698229221,38.50157935],[-75.70101393,38.554488811],[-75.7065833469999,38.6213218140001],[-75.712152763,38.697901297],[-75.718028699,38.7709427980001],[-75.723906637,38.841478061],[-75.729784576,38.913972637],[-75.734682858,38.989406183],[-75.74115,39.0616329390001],[-75.747171716,39.135398954],[-75.753569788,39.2121758270001],[-75.759565004,39.2815958850001],[-75.763959535,39.3548869000001],[-75.770723151,39.423992763],[-75.777199243,39.5000868540001],[-75.7815166389999,39.574022248],[-75.788532406,39.6474179680001],[-75.788643715,39.7213184010001],[-75.784686322,39.7213175640001],[-75.776995892,39.7210490100001],[-75.7752869079999,39.722587096],[-75.758514447,39.751810728],[-75.7311218689999,39.7823038930001],[-75.702215619,39.801786314],[-75.677948041,39.8151652210001],[-75.652117963,39.8253458850001],[-75.630218549,39.830814635],[-75.601263471,39.837845885],[-75.5731140559999,39.8386271350001],[-75.529315228,39.837845885],[-75.4948914,39.833158385],[-75.4698669859999,39.8253458850001],[-75.446405072,39.8167277210001],[-75.4314636659999,39.810990417],[-75.4252136659999,39.807084166],[-75.424462523,39.8066136430001]]]},"properties":{"NAME":"Delaware","NAME_LONG":"Delaware","ABBREV":"Del."}},{"type":"Feature","geometry":{"type":"MultiPolygon","coordinates":[[[[-75.788643715,39.7213184010001],[-75.788532406,39.6474179680001],[-75.7815166389999,39.574022248],[-75.777199243,39.5000868540001],[-75.770723151,39.423992763],[-75.763959535,39.3548869000001],[-75.759565004,39.2815958850001],[-75.753569788,39.2121758270001],[-75.747171716,39.135398954],[-75.74115,39.0616329390001],[-75.734682858,38.989406183],[-75.729784576,38.913972637],[-75.723906637,38.841478061],[-75.718028699,38.7709427980001],[-75.712152763,38.697901297],[-75.7065833469999,38.6213218140001],[-75.70101393,38.554488811],[-75.698229221,38.50157935],[-75.693701494,38.4603535120001],[-75.6302897509999,38.4573178440001],[-75.555409926,38.455631361],[-75.474652895,38.4537150250001],[-75.396723207,38.453617369],[-75.31879352,38.4534952990001],[-75.2409126599999,38.453373228],[-75.162982973,38.453275573],[-75.1087837539999,38.453519713],[-75.083892382,38.4535993510001],[-75.082915819,38.4474551450001],[-75.0898822009999,38.4322013670001],[-75.1020162119999,38.4385382030001],[-75.1181962609999,38.437481204],[-75.097978713,38.407913028],[-75.104045299,38.395242014],[-75.11213052,38.399466031],[-75.127628406,38.4058004280001],[-75.14784578,38.4137148900001],[-75.1653675859999,38.416875316],[-75.1795099819999,38.408420478],[-75.139754135,38.3994626580001],[-75.1323414969999,38.3941845820001],[-75.1334122389999,38.3851585960001],[-75.1334122389999,38.377671617],[-75.1260473299999,38.377671617],[-75.1260473299999,38.3715274110001],[-75.1306046209999,38.369289455],[-75.135365364,38.3660342470001],[-75.1396378249999,38.364081122],[-75.1254776679999,38.360337632],[-75.1121313139999,38.362494208],[-75.100738085,38.3621279970001],[-75.092437304,38.3510195980001],[-75.094227668,38.3353539080001],[-75.104400194,38.316229559],[-75.117990689,38.2981631530001],[-75.1297501289999,38.2855492210001],[-75.154286262,38.240912177],[-75.163889127,38.2337100280001],[-75.197499153,38.2325707050001],[-75.2006729809999,38.240301825],[-75.187408007,38.26166413],[-75.22004147,38.2476260440001],[-75.233062304,38.238959052],[-75.242665168,38.226955471],[-75.2571508449999,38.16815827],[-75.2669164699999,38.1592471370001],[-75.271717903,38.15232982],[-75.2832738919999,38.120550848],[-75.290435351,38.110825914],[-75.297352668,38.1107852230001],[-75.3159073559999,38.116888739],[-75.32526608,38.1170108090001],[-75.333892382,38.111558335],[-75.3501684239999,38.0940615910001],[-75.3560277989999,38.0903181010001],[-75.3511856759999,38.0820987000001],[-75.373036262,38.031968492],[-75.375152148,38.023830471],[-75.377375127,38.015198383],[-75.377882447,38.015165388],[-75.393392385,38.013711331],[-75.421504148,38.0117725890001],[-75.460278992,38.008864475],[-75.5053547489999,38.0045023050001],[-75.5480070789999,38.0011095060001],[-75.591144093,37.997232022],[-75.616347742,37.9957779650001],[-75.6235700849999,37.9942784690001],[-75.631711288,37.983675974],[-75.641556463,37.9747774490001],[-75.647858363,37.9657165780001],[-75.6536759109999,37.9679629580001],[-75.672596809,37.9719912780001],[-75.763172981,37.9782168640001],[-75.78628496,37.975897528],[-75.808176236,37.9634463560001],[-75.838124153,37.941229559],[-75.8580216139999,37.931138414],[-75.867095507,37.9361026060001],[-75.8689672519999,37.943304755],[-75.8724666009999,37.9469668640001],[-75.8749893869999,37.9511172550001],[-75.873361783,37.9600283870001],[-75.8675024079999,37.967230536],[-75.858794726,37.973211981],[-75.8504125639999,37.981105861],[-75.8453669909999,37.994086005],[-75.854847786,37.9933535830001],[-75.862700976,37.990790106],[-75.868885871,37.9865176450001],[-75.873361783,37.9804548200001],[-75.8801163399999,37.9804548200001],[-75.879546679,37.985337632],[-75.881011523,37.9866397160001],[-75.8836563789999,37.986761786],[-75.8863419259999,37.9879417990001],[-75.8786514959999,37.994574286],[-75.857248502,38.0211449240001],[-75.85285397,38.031968492],[-75.8464249339999,38.0396182310001],[-75.818267382,38.042710679],[-75.8118790359999,38.0459658870001],[-75.80207272,38.0580508480001],[-75.756581184,38.0925967470001],[-75.742990689,38.110825914],[-75.7576798169999,38.11326732],[-75.7686254549999,38.1056175800001],[-75.779530403,38.0954043640001],[-75.794504361,38.0903181010001],[-75.819081184,38.0910098330001],[-75.83332272,38.0891787780001],[-75.8453669909999,38.083482164],[-75.847564257,38.086371161],[-75.8477677069999,38.0874697940001],[-75.8486222,38.088324286],[-75.85285397,38.0903181010001],[-75.85285397,38.0978050800001],[-75.8426000639999,38.101304429],[-75.8323868479999,38.1075707050001],[-75.8238826159999,38.1155459660001],[-75.8186742829999,38.124457098],[-75.824859179,38.131293036],[-75.814442512,38.135199286],[-75.784413215,38.1394717470001],[-75.7764786449999,38.1449649110001],[-75.7796931629999,38.155218817],[-75.7940160799999,38.158880927],[-75.8116348949999,38.1572940120001],[-75.824859179,38.1592471370001],[-75.848133918,38.1521670590001],[-75.893462694,38.1560733090001],[-75.914296028,38.151800848],[-75.919545051,38.144842841],[-75.920643684,38.135728257],[-75.9227595689999,38.1278750670001],[-75.9313044909999,38.124457098],[-75.937408007,38.127630927],[-75.9405004549999,38.135402736],[-75.941558398,38.155462958],[-75.928456184,38.193548895],[-75.8963110019999,38.2106794290001],[-75.856027799,38.219712632],[-75.8186742829999,38.2337100280001],[-75.834584114,38.240179755],[-75.8787328769999,38.242865302],[-75.897206184,38.2511253930001],[-75.9066462879999,38.270982164],[-75.902414517,38.2937686220001],[-75.8912247389999,38.315130927],[-75.858062304,38.3585879580001],[-75.849110481,38.373968817],[-75.843373176,38.395453192],[-75.8407283189999,38.4008242860001],[-75.843251106,38.404364325],[-75.8562719389999,38.4056664080001],[-75.8631485669999,38.401760158],[-75.8664444649999,38.3924014340001],[-75.8690079419999,38.3810895850001],[-75.873361783,38.3715274110001],[-75.924712694,38.3248965520001],[-75.9313044909999,38.316880601],[-75.955677864,38.25779857],[-75.9627172519999,38.247992255],[-75.968251106,38.25405508],[-75.968088345,38.262600002],[-75.9666235019999,38.2722842470001],[-75.968251106,38.2821312520001],[-75.9741104809999,38.2881533870001],[-75.983631965,38.2954776060001],[-75.992339648,38.303900458],[-75.996205207,38.313177802],[-75.9901016919999,38.3259951840001],[-75.962391731,38.33584219],[-75.9553116529999,38.3510195980001],[-75.964833137,38.3734805360001],[-75.990467903,38.362046617],[-76.018910286,38.3347842470001],[-76.037180142,38.3094750020001],[-76.0267227859999,38.304185289],[-76.019276496,38.2944196640001],[-76.017323371,38.2818057310001],[-76.017323371,38.267808335],[-76.028675911,38.2417666690001],[-76.0379125639999,38.2324893250001],[-76.0488175119999,38.2393252620001],[-76.081206835,38.284084377],[-76.091175911,38.2924258480001],[-76.117502408,38.298285223],[-76.1243790359999,38.3048363300001],[-76.133412239,38.3230654970001],[-76.1929418609999,38.38275788],[-76.209706184,38.392035223],[-76.220855273,38.3836123720001],[-76.2065323559999,38.338568427],[-76.209706184,38.316880601],[-76.21593177,38.316880601],[-76.221099413,38.34389883],[-76.239857551,38.3682315120001],[-76.269886848,38.4056664080001],[-76.2751358709999,38.411566473],[-76.28233802,38.42182038],[-76.2888891269999,38.43353913],[-76.2954809239999,38.455511786],[-76.3040258449999,38.463283596],[-76.3133031889999,38.4686953800001],[-76.318959114,38.4739444030001],[-76.319813606,38.495021877],[-76.304676887,38.502630927],[-76.28636634,38.5001488300001],[-76.277414517,38.490952867],[-76.2731013659999,38.467474677],[-76.263742642,38.4655215520001],[-76.2543025379999,38.479803778],[-76.250070767,38.5049502620001],[-76.242339648,38.521185614],[-76.2239477199999,38.5296084660001],[-76.201486783,38.53510163],[-76.181792773,38.542792059],[-76.187245246,38.553290106],[-76.1719864569999,38.5662295590001],[-76.174956835,38.5769717470001],[-76.1792699859999,38.5805117860001],[-76.1844783189999,38.5825869810001],[-76.190988736,38.5835635440001],[-76.1988419259999,38.5838076840001],[-76.2105199859999,38.5827090520001],[-76.213368293,38.5794945330001],[-76.2141820949999,38.5740420590001],[-76.2193497389999,38.56639232],[-76.2302139959999,38.559515692],[-76.242665168,38.556708075],[-76.273671028,38.5564639340001],[-76.2860408189999,38.562811591],[-76.27847246,38.576849677],[-76.256255663,38.5973981790001],[-76.256255663,38.604234117],[-76.262603319,38.6078148460001],[-76.267323371,38.6118024760001],[-76.277414517,38.624741929],[-76.232492642,38.6180687520001],[-76.21593177,38.617905992],[-76.201283332,38.6206729190001],[-76.1754044259999,38.6292178410001],[-76.16128496,38.631008205],[-76.176136848,38.6206729190001],[-76.181792773,38.617905992],[-76.171864387,38.610256252],[-76.16128496,38.604234117],[-76.1426488919999,38.607489325],[-76.114974821,38.5879754430001],[-76.0923538349999,38.593633809],[-76.0535861209999,38.5680385120001],[-76.0116651169999,38.5656550940001],[-75.994292773,38.583685614],[-75.9825333319999,38.5900332700001],[-75.9702042309999,38.606594143],[-75.9653214179999,38.6373965520001],[-75.9553116529999,38.652655341],[-75.9593806629999,38.6557070980001],[-75.9627172519999,38.658880927],[-75.968251106,38.658880927],[-75.9899796209999,38.623968817],[-75.999926979,38.602595207],[-76.0242438159999,38.592846354],[-76.059347487,38.6062011990001],[-76.07694392,38.615604274],[-76.105028834,38.6249101260001],[-76.092396614,38.658880927],[-76.107492642,38.653998114],[-76.120513476,38.647935289],[-76.134999153,38.6459414730001],[-76.154449023,38.652655341],[-76.154449023,38.658880927],[-76.1453751289999,38.665025132],[-76.119618293,38.6756045590001],[-76.106068489,38.6793887390001],[-76.106068489,38.686224677],[-76.126861132,38.684881903],[-76.148508267,38.6808942730001],[-76.166127082,38.6814639340001],[-76.174956835,38.6936709660001],[-76.1683243479999,38.699896552],[-76.164540168,38.708156643],[-76.1642960279999,38.717718817],[-76.168120898,38.727728583],[-76.17699134,38.7161319030001],[-76.1814672519999,38.702378648],[-76.186919726,38.691066799],[-76.198649066,38.6750563580001],[-76.209068996,38.68672448],[-76.2265126449999,38.7009708110001],[-76.236467402,38.7151545700001],[-76.2278156769999,38.735726853],[-76.2018378169999,38.732305854],[-76.221878189,38.75093167],[-76.2338504529999,38.7574493490001],[-76.254399835,38.7492373550001],[-76.2736571559999,38.7145267030001],[-76.291942401,38.721314589],[-76.29731187,38.750939216],[-76.288442062,38.7666978740001],[-76.288038198,38.7755260880001],[-76.294383351,38.773854203],[-76.309832624,38.7612379410001],[-76.3105853769999,38.7353306730001],[-76.3265156299999,38.7182434540001],[-76.3267469419999,38.698754971],[-76.3220080789999,38.689431406],[-76.325821518,38.677534132],[-76.341292953,38.673172934],[-76.346262174,38.6899274760001],[-76.343617317,38.7141787780001],[-76.3403214179999,38.728420315],[-76.331206835,38.7459170590001],[-76.3116348949999,38.8042666690001],[-76.306548632,38.8143578150001],[-76.304676887,38.8227399760001],[-76.277251757,38.8408877620001],[-76.2603461369999,38.858046002],[-76.253168887,38.855002778],[-76.25955949,38.839215203],[-76.2393200789999,38.822074675],[-76.2210070409999,38.8152771730001],[-76.212425724,38.807636661],[-76.212102859,38.788244976],[-76.198437065,38.776205481],[-76.183595634,38.7643835850001],[-76.173110538,38.756612444],[-76.143910286,38.7681338560001],[-76.1314591139999,38.772894598],[-76.117543098,38.7850609400001],[-76.1090388659999,38.8007266300001],[-76.1129044259999,38.8165550800001],[-76.126332161,38.8007266300001],[-76.1468399729999,38.7903506530001],[-76.176967036,38.785550698],[-76.1943764059999,38.813917755],[-76.188167385,38.846690832],[-76.156997804,38.8601237840001],[-76.127064582,38.8660342470001],[-76.106068489,38.8779971370001],[-76.147857226,38.8915469420001],[-76.154449023,38.8953311220001],[-76.147328254,38.915920315],[-76.148345507,38.924953518],[-76.16128496,38.9264183610001],[-76.1644180979999,38.920599677],[-76.171783007,38.8969180360001],[-76.178374804,38.8916690120001],[-76.1978829349999,38.878455907],[-76.195057746,38.912176825],[-76.192779101,38.9282901060001],[-76.1969055009999,38.9356480940001],[-76.2079533639999,38.944045698],[-76.2299200499999,38.952344295],[-76.2432755199999,38.950628973],[-76.2471817699999,38.9511579450001],[-76.2554418609999,38.943833726],[-76.2627660799999,38.9353701840001],[-76.263742642,38.932603257],[-76.273752408,38.927883205],[-76.2805069649999,38.926662502],[-76.311268684,38.9246279970001],[-76.3193253249999,38.9226748720001],[-76.328846809,38.916489976],[-76.3318985669999,38.906968492],[-76.3319822879999,38.8954800980001],[-76.3270627269999,38.8809578510001],[-76.328363984,38.865156181],[-76.3469309699999,38.8564544140001],[-76.359241342,38.8466021460001],[-76.374747927,38.841573223],[-76.366316668,38.896320777],[-76.356285352,38.948639309],[-76.338856575,38.9776065120001],[-76.3357641269999,38.985012111],[-76.322092252,39.0064151060001],[-76.3152970039999,39.0293643250001],[-76.306385871,39.0313174500001],[-76.295033332,39.027655341],[-76.293261958,39.008770509],[-76.2851447089999,38.989428107],[-76.244386023,38.978904315],[-76.216214009,38.974319368],[-76.197561431,38.9793398810001],[-76.167876757,38.99632396],[-76.150990364,39.0091006530001],[-76.1470434239999,39.029486395],[-76.154896614,39.0336774760001],[-76.160878059,39.039740302],[-76.16519121,39.0475121110001],[-76.168120898,39.0567080750001],[-76.144602017,39.0601260440001],[-76.133412239,39.062933661],[-76.140858528,39.069769598],[-76.1216527989999,39.092474677],[-76.077219205,39.128363348],[-76.065093554,39.146144924],[-76.087798632,39.138657945],[-76.1089981759999,39.1259219420001],[-76.1305232409999,39.117824611],[-76.154449023,39.124416408],[-76.140858528,39.131822007],[-76.140858528,39.138657945],[-76.1751195949999,39.1240908870001],[-76.185121969,39.094164026],[-76.203910988,39.0802358200001],[-76.2124610659999,39.051791498],[-76.207625051,39.0298122340001],[-76.2042062439999,39.0145332380001],[-76.217211677,39.0131139640001],[-76.234876475,39.024751929],[-76.2426180509999,39.0332596390001],[-76.23110936,39.058275918],[-76.2357175669999,39.098208193],[-76.243045529,39.1157532300001],[-76.242597409,39.1267833960001],[-76.251445572,39.1326040680001],[-76.272685778,39.1515516650001],[-76.2726280409999,39.167992072],[-76.2558610399999,39.188536055],[-76.234091716,39.2304493440001],[-76.2128077829999,39.261966868],[-76.1805720689999,39.288072007],[-76.178618944,39.307847398],[-76.174956835,39.3162295590001],[-76.164865689,39.3233096370001],[-76.1429337229999,39.326646226],[-76.133412239,39.3304710960001],[-76.1277970039999,39.3385277360001],[-76.119984504,39.360174872],[-76.116607226,39.3646507830001],[-76.105362294,39.372047815],[-76.0596059499999,39.369628903],[-76.027857739,39.3624453360001],[-75.9996392079999,39.3622167410001],[-75.931492848,39.3649844160001],[-75.8856761,39.3625286120001],[-75.860092654,39.3617845150001],[-75.839182095,39.371486721],[-75.8640171379999,39.379595491],[-75.9047057049999,39.3742834180001],[-76.0065966989999,39.380548214],[-76.034264632,39.392877297],[-76.0139054029999,39.4161644550001],[-75.9739477199999,39.4508324240001],[-75.951975064,39.465806382],[-75.93472246,39.4745140650001],[-75.9124649729999,39.4763858090001],[-75.866118944,39.464300848],[-75.839182095,39.4607608090001],[-75.839182095,39.4669863950001],[-75.8687638009999,39.4806582700001],[-75.88402259,39.49225495],[-75.8937882149999,39.5086123720001],[-75.869130012,39.51947663],[-75.8513077459999,39.538397528],[-75.839263476,39.561468817],[-75.8316951159999,39.5843773460001],[-75.856027799,39.577378648],[-75.873402473,39.5628929710001],[-75.889149543,39.5454776060001],[-75.904930943,39.521531681],[-75.9660523639999,39.481731521],[-76.000712973,39.4527901230001],[-75.999663866,39.485500393],[-75.9906306629999,39.5044619810001],[-75.965484179,39.532863674],[-75.954660611,39.5480817730001],[-75.9468481109999,39.565375067],[-75.93472246,39.604193427],[-75.951039192,39.601019598],[-75.9625544909999,39.5907656920001],[-75.979156054,39.5672875020001],[-76.008350393,39.548687008],[-76.038206563,39.5566206480001],[-76.0647962259999,39.555634986],[-76.0829971999999,39.557806708],[-76.092396614,39.5501976580001],[-76.1203507149999,39.4949404970001],[-76.109730598,39.4850121110001],[-76.0730688139999,39.4750837260001],[-76.065093554,39.470770575],[-76.06753496,39.457831122],[-76.074126757,39.4487979190001],[-76.122425911,39.411037502],[-76.183705207,39.38300202],[-76.209706184,39.3646507830001],[-76.225900845,39.3778343770001],[-76.2296036449999,39.3975283870001],[-76.2227677069999,39.4403343770001],[-76.21613522,39.459377346],[-76.2158097,39.4675967470001],[-76.2227677069999,39.4745140650001],[-76.232492642,39.4745140650001],[-76.240142382,39.467027085],[-76.246815559,39.4582380230001],[-76.253163215,39.4540062520001],[-76.26683509,39.37885163],[-76.252674934,39.3615176450001],[-76.245228645,39.3495547550001],[-76.2466527989999,39.3441429710001],[-76.2540177069999,39.3400739600001],[-76.2841690749999,39.310614325],[-76.291656054,39.357123114],[-76.311512825,39.4027774110001],[-76.3251847,39.407660223],[-76.401478645,39.392523505],[-76.3855688139999,39.382269598],[-76.358062304,39.377101955],[-76.3366593089999,39.3692080750001],[-76.338856575,39.3509789080001],[-76.332630989,39.3509789080001],[-76.3416641919999,39.340480861],[-76.3516332669999,39.3382022160001],[-76.362375455,39.3372256530001],[-76.373605924,39.3304710960001],[-76.366525845,39.3173281920001],[-76.3691300119999,39.313177802],[-76.424468554,39.323675848],[-76.43081621,39.318101304],[-76.4234513009999,39.305650132],[-76.3904923169999,39.2715518250001],[-76.391184049,39.264878648],[-76.401478645,39.2560082050001],[-76.4169001939999,39.2639834660001],[-76.425933398,39.2737490910001],[-76.44249427,39.2969424500001],[-76.4506729809999,39.3020694030001],[-76.4834692049999,39.310614325],[-76.467762825,39.2829043640001],[-76.447743293,39.256740627],[-76.421538866,39.2383487],[-76.3968650459999,39.2379814510001],[-76.4027703589999,39.2278164840001],[-76.4319665549999,39.205936307],[-76.4491778679999,39.194956886],[-76.4485594989999,39.208435067],[-76.445238777,39.21790485],[-76.455311653,39.220160223],[-76.4630020819999,39.213812567],[-76.469470109,39.2075424110001],[-76.482508974,39.2073880240001],[-76.497315598,39.2085573950001],[-76.4924677969999,39.2274647750001],[-76.5082978039999,39.2360267340001],[-76.531995681,39.2458395720001],[-76.5645728699999,39.2649641900001],[-76.5708175839999,39.2736375510001],[-76.581166145,39.2673200540001],[-76.59105384,39.2634951840001],[-76.616566536,39.262193101],[-76.623199023,39.259711005],[-76.61046302,39.2544619810001],[-76.602592744,39.248324191],[-76.585845507,39.2485212260001],[-76.570276268,39.2446922630001],[-76.563902227,39.231303655],[-76.563590119,39.215819648],[-76.536520171,39.2114438830001],[-76.530267449,39.2034415080001],[-76.528289329,39.1913451230001],[-76.5246725319999,39.1846570170001],[-76.517562155,39.1766631290001],[-76.499989387,39.164862372],[-76.49379271,39.1614699480001],[-76.480002037,39.167023043],[-76.469334926,39.155031707],[-76.441029426,39.1351585960001],[-76.4332827149999,39.131218416],[-76.4302267699999,39.106334232],[-76.419506401,39.0896208230001],[-76.425306672,39.074052964],[-76.432993947,39.067224002],[-76.4435715509999,39.076527794],[-76.443267382,39.0886904970001],[-76.4559220039999,39.0907250020001],[-76.4691462879999,39.083441473],[-76.478375575,39.0808255920001],[-76.497432876,39.078572207],[-76.5132099429999,39.0864584710001],[-76.5192760239999,39.085708683],[-76.5164765689999,39.075635855],[-76.499849054,39.068428057],[-76.476327459,39.064003322],[-76.429133329,39.0457079920001],[-76.4099103029999,39.037846908],[-76.3941951159999,39.024562893],[-76.398548957,39.014390367],[-76.41519121,39.009955145],[-76.43871009,39.0089785830001],[-76.445952929,39.0051944030001],[-76.4555699339999,38.98873483],[-76.472656007,38.9951298010001],[-76.511942427,39.0219632730001],[-76.524618286,39.04539205],[-76.539591458,39.0640685450001],[-76.551665819,39.0772158870001],[-76.5635473299999,39.0742862000001],[-76.569162564,39.0663923200001],[-76.568511523,39.056097723],[-76.571187252,39.0386436200001],[-76.56158721,39.036066782],[-76.543293999,39.0315807180001],[-76.530955477,39.0216357310001],[-76.512505775,39.005725367],[-76.486157536,38.98652514],[-76.476404136,38.975202277],[-76.469928569,38.9537397870001],[-76.4524267259999,38.943860711],[-76.4651934039999,38.932935287],[-76.4596123789999,38.912136603],[-76.501440903,38.9271185590001],[-76.525292646,38.951058495],[-76.557481537,38.958738721],[-76.5686076999999,38.95254183],[-76.534901496,38.93764883],[-76.5244034499999,38.9264183610001],[-76.512399219,38.912852827],[-76.4931007719999,38.8989500190001],[-76.496197302,38.8800634110001],[-76.507421478,38.8792557830001],[-76.521407327,38.887166072],[-76.537464973,38.8916690120001],[-76.536529101,38.8873965520001],[-76.535308398,38.884466864],[-76.5306290359999,38.8779971370001],[-76.523684519,38.870301789],[-76.526970008,38.861505348],[-76.538991445,38.856641417],[-76.531722231,38.8392289980001],[-76.522278943,38.842713578],[-76.5058819509999,38.844262079],[-76.492915722,38.8444197890001],[-76.494287868,38.8255464310001],[-76.503773567,38.807562567],[-76.5306555229999,38.783315912],[-76.551665819,38.7755801450001],[-76.550282356,38.755113023],[-76.538889127,38.7376976580001],[-76.521527662,38.724892748],[-76.527077557,38.7026434160001],[-76.529534467,38.6757600920001],[-76.5215617909999,38.6501717320001],[-76.5091486979999,38.6281394050001],[-76.512196418,38.571478583],[-76.5119773189999,38.52773391],[-76.4955006019999,38.496018047],[-76.435503684,38.438223843],[-76.4139822089999,38.412336458],[-76.396056887,38.3912751760001],[-76.381904977,38.3845746510001],[-76.3927644129999,38.3535698480001],[-76.419359188,38.321705733],[-76.453562566,38.324052805],[-76.471303914,38.3355015980001],[-76.4691462879999,38.364081122],[-76.47394772,38.373277085],[-76.474964973,38.379584052],[-76.4767146479999,38.3851585960001],[-76.4834692049999,38.392035223],[-76.500111457,38.400091864],[-76.511341926,38.403998114],[-76.542836067,38.409613348],[-76.561640285,38.4242150950001],[-76.602456089,38.4443345360001],[-76.63647494,38.4741634060001],[-76.6476993869999,38.505683473],[-76.671783007,38.6544457050001],[-76.681467252,38.6793887390001],[-76.684071418,38.672552802],[-76.682850715,38.664740302],[-76.684234179,38.6532656920001],[-76.678822395,38.5803897160001],[-76.6746720039999,38.558417059],[-76.675200976,38.53534577],[-76.675916792,38.5094333600001],[-76.67364397,38.486057864],[-76.657050666,38.450487181],[-76.6197403639999,38.4233259140001],[-76.585845507,38.398871161],[-76.521311002,38.3742129580001],[-76.5107315749999,38.3678246110001],[-76.506092903,38.349554755],[-76.493804491,38.3298200540001],[-76.476389127,38.312892971],[-76.450633968,38.2931405200001],[-76.4323033099999,38.294039673],[-76.4245804549999,38.301669697],[-76.406361457,38.3082949890001],[-76.385783057,38.306302981],[-76.3733821529999,38.298892537],[-76.387120615,38.2829611330001],[-76.396455107,38.267076257],[-76.393299934,38.24599844],[-76.3872777989999,38.226955471],[-76.3804825509999,38.2193871110001],[-76.360088705,38.1947105940001],[-76.3341061739999,38.1633754630001],[-76.320506627,38.138776121],[-76.330831099,38.1290599560001],[-76.34030485,38.12072674],[-76.332630989,38.0903181010001],[-76.328048039,38.076148735],[-76.3260518859999,38.0637856370001],[-76.3238965969999,38.043842087],[-76.336341362,38.053373361],[-76.3512835439999,38.057357944],[-76.3959152459999,38.102994318],[-76.415257255,38.108298778],[-76.434086268,38.132142561],[-76.4267502989999,38.158997491],[-76.433583137,38.1903343770001],[-76.456125455,38.20701732],[-76.455230273,38.197902736],[-76.449940559,38.182806708],[-76.448719856,38.17597077],[-76.450917121,38.1662051450001],[-76.455799934,38.1582705750001],[-76.4608048169999,38.15232982],[-76.468861457,38.139105536],[-76.482167121,38.146144924],[-76.503895637,38.166001695],[-76.510121223,38.1400820980001],[-76.5171606109999,38.131781317],[-76.5306290359999,38.1387393250001],[-76.53237871,38.1474063170001],[-76.5403222499999,38.1597732020001],[-76.5478072779999,38.18369902],[-76.562969426,38.1986104910001],[-76.58766262,38.210645935],[-76.616742905,38.223306495],[-76.6438352409999,38.225008069],[-76.6780910329999,38.234835317],[-76.697364082,38.238002953],[-76.7547248509999,38.227602311],[-76.777645893,38.237556697],[-76.804209847,38.253622573],[-76.801014778,38.2763125670001],[-76.808583137,38.289740302],[-76.8117569649999,38.299221096],[-76.8155818349999,38.336330471],[-76.827626106,38.3628604190001],[-76.8489884109999,38.382513739],[-76.8806860019999,38.398871161],[-76.8559464179999,38.355210679],[-76.8460994129999,38.3308779970001],[-76.839100715,38.302639065],[-76.839215657,38.257216826],[-76.865767421,38.2718978180001],[-76.895726199,38.282406338],[-76.922174306,38.2915931930001],[-76.923639596,38.3148805990001],[-76.94853601,38.330945532],[-76.9733767819999,38.344263777],[-76.986683532,38.370720352],[-77.014020496,38.4416294920001],[-77.0215818739999,38.4613953],[-77.031564908,38.481390692],[-77.03237871,38.471625067],[-77.034901496,38.4627139340001],[-77.0388891269999,38.454331773],[-77.0445450509999,38.4466006530001],[-77.060129361,38.4285342470001],[-77.073231575,38.420843817],[-77.094637168,38.4087200770001],[-77.105219841,38.4112815880001],[-77.1036270819999,38.4345156920001],[-77.1052953769999,38.4454613300001],[-77.099761523,38.4534365910001],[-77.099761523,38.46088288],[-77.103179491,38.463080145],[-77.104359504,38.464056708],[-77.1050512359999,38.4651553410001],[-77.1072485019999,38.4677188170001],[-77.1208389959999,38.4614932310001],[-77.13394121,38.4534365910001],[-77.127186653,38.450018622],[-77.122954882,38.445990302],[-77.1134333979999,38.4329287780001],[-77.13394121,38.398871161],[-77.145253059,38.3887393250001],[-77.1677953769999,38.3809268250001],[-77.178334114,38.3745791690001],[-77.20365122,38.364295392],[-77.231931388,38.3740683550001],[-77.25525857,38.3935219210001],[-77.2623247029999,38.4249266470001],[-77.2578599569999,38.4510612150001],[-77.266394992,38.472844197],[-77.2670414819999,38.4940795400001],[-77.2570494189999,38.511407645],[-77.247758263,38.523244902],[-77.2388402989999,38.537665106],[-77.2275284499999,38.5568708350001],[-77.209130017,38.5557183460001],[-77.1863735059999,38.5568150840001],[-77.168080207,38.5769717470001],[-77.1755971269999,38.5782568900001],[-77.189358969,38.5690993630001],[-77.205926918,38.566058663],[-77.204436591,38.5749980530001],[-77.1935244629999,38.5916473710001],[-77.184437629,38.604966539],[-77.178944465,38.6076113950001],[-77.1725968089999,38.6095238300001],[-77.1649470689999,38.6148135440001],[-77.1583145819999,38.616522528],[-77.1363419259999,38.6155459660001],[-77.126454231,38.617905992],[-77.1210017569999,38.6237653670001],[-77.1148168609999,38.64085521],[-77.106068489,38.6571312520001],[-77.1024063789999,38.6738955750001],[-77.096343554,38.6828067080001],[-77.0886938139999,38.689195054],[-77.080799934,38.6940371770001],[-77.06186902,38.697392534],[-77.045638014,38.700696371],[-77.037341939,38.6961861820001],[-77.021858537,38.6954981750001],[-77.012466892,38.6973554690001],[-77.015561797,38.7006296590001],[-77.024125829,38.699790516],[-77.0306695239999,38.703331044],[-77.034677684,38.7082599240001],[-77.030159871,38.7156980170001],[-77.0297294659999,38.731442541],[-77.0247289699999,38.740790106],[-77.0184220039999,38.743963934],[-77.011161465,38.7438248060001],[-77.011680072,38.7471655510001],[-77.0195333759999,38.75172051],[-77.024337619,38.754652946],[-77.0280612449999,38.7653080870001],[-77.026210829,38.7763922400001],[-77.0212271699999,38.7828393520001],[-77.017997387,38.790595449],[-77.021148115,38.7959006470001],[-77.0229328809999,38.80276753],[-77.027387427,38.819906384],[-77.021496749,38.836723267],[-77.017841283,38.84517956],[-77.015932183,38.8542794840001],[-77.019577714,38.861274602],[-77.0259347629999,38.8725940940001],[-77.0360714509999,38.879823073],[-77.049630978,38.8883123840001],[-77.060083944,38.899067862],[-77.068332791,38.9019375960001],[-77.084305101,38.9033985410001],[-77.097232758,38.908208832],[-77.119780997,38.9340641470001],[-77.132408011,38.950599522],[-77.1465382409999,38.964729753],[-77.172039838,38.9695841660001],[-77.205438275,38.9789591660001],[-77.219696088,38.9811076030001],[-77.233465619,38.986625182],[-77.2402039,38.999784361],[-77.244305463,39.0157511580001],[-77.2504089779999,39.029496275],[-77.272259564,39.047757994],[-77.3015564389999,39.060306822],[-77.333514447,39.067533385],[-77.421575971,39.0742472520001],[-77.4451111269999,39.0845988140001],[-77.4808289,39.1130656110001],[-77.4957703059999,39.1239298690001],[-77.509002728,39.137211119],[-77.514813275,39.152591978],[-77.5073914,39.16948651],[-77.474408002,39.1924357290001],[-77.4595398379999,39.207694518],[-77.455877728,39.228153502],[-77.466741986,39.243754088],[-77.486663861,39.250565611],[-77.509246869,39.255594908],[-77.528192181,39.265726744],[-77.547430463,39.2910929550001],[-77.558367963,39.299003111],[-77.6036072209999,39.307621275],[-77.6459167909999,39.3209513540001],[-77.66442265,39.3237589710001],[-77.715277142,39.323905456],[-77.7346863219999,39.331058776],[-77.7360535099999,39.331547057],[-77.7513122989999,39.3510294780001],[-77.7514831969999,39.3690226430001],[-77.743817181,39.387723814],[-77.738934369,39.4061320180001],[-77.747601361,39.423050963],[-77.793475385,39.438431822],[-77.8062439389999,39.448148619],[-77.7848328059999,39.46089276],[-77.7908386659999,39.473270689],[-77.7909363219999,39.4841837750001],[-77.784417767,39.491971861],[-77.770574994,39.495048033],[-77.770574994,39.501883971],[-77.789105267,39.5008829940001],[-77.805926556,39.496781432],[-77.820648236,39.4969279160001],[-77.833245892,39.5086954940001],[-77.8324402279999,39.5151408070001],[-77.826507611,39.520926939],[-77.822967572,39.5283732280001],[-77.8295349549999,39.539701354],[-77.838568158,39.5426798690001],[-77.846087689,39.5360148300001],[-77.851336713,39.5251017440001],[-77.8537292909999,39.5155314320001],[-77.8599304629999,39.5155314320001],[-77.8744080019999,39.5529826040001],[-77.880438275,39.563944518],[-77.85570683,39.5689982280001],[-77.837445111,39.5811076030001],[-77.83226933,39.5964884630001],[-77.846893353,39.611747252],[-77.8568054629999,39.6150919780001],[-77.8705261659999,39.617167174],[-77.882635541,39.61558026],[-77.887884564,39.6080119000001],[-77.8934997989999,39.604569518],[-77.921356244,39.610697448],[-77.9322693299999,39.6080119000001],[-77.9476990169999,39.600834166],[-77.9691345639999,39.601566589],[-77.991790814,39.6079630720001],[-78.010760541,39.6179484240001],[-78.0869324159999,39.6782511580001],[-78.132977338,39.701346861],[-78.1844421809999,39.7042521350001],[-78.1959900329999,39.7014201030001],[-78.205340619,39.697928893],[-78.213470502,39.693290221],[-78.2431824159999,39.665433776],[-78.2548279239999,39.658158385],[-78.272723431,39.6402140490001],[-78.280023236,39.63535565],[-78.2999451109999,39.634989439],[-78.3402771419999,39.6418253780001],[-78.3601746029999,39.638187682],[-78.3861511659999,39.628177916],[-78.3953552669999,39.6272990100001],[-78.414910931,39.6299357290001],[-78.42367558,39.6293009630001],[-78.433807416,39.6241984240001],[-78.406219525,39.594120299],[-78.418963666,39.590189635],[-78.438446088,39.589994322],[-78.4547058529999,39.586307799],[-78.457952924,39.5721720570001],[-78.438031049,39.566898619],[-78.433148236,39.561722838],[-78.437835736,39.5515910030001],[-78.468963666,39.533597838],[-78.54074101,39.5413615100001],[-78.5748718689999,39.532938658],[-78.5772888609999,39.5291056500001],[-78.658758588,39.5399210800001],[-78.683245892,39.5462199080001],[-78.6880798769999,39.549320494],[-78.692327924,39.5526163930001],[-78.708807416,39.561503112],[-78.745184369,39.575419127],[-78.748577924,39.5772257680001],[-78.750750775,39.5787638540001],[-78.7563660099999,39.584867369],[-78.757098431,39.586063658],[-78.7576111269999,39.587772643],[-78.757684369,39.5904581890001],[-78.757415814,39.59448651],[-78.755926556,39.598221861],[-78.754364056,39.600834166],[-78.752020306,39.603104674],[-78.74386601,39.606888853],[-78.738836713,39.6083292830001],[-78.7377380799999,39.6106486190001],[-78.739666791,39.614213072],[-78.750872846,39.620072447],[-78.7599304629999,39.627933775],[-78.762957806,39.63198651],[-78.769989056,39.637064636],[-78.774725385,39.637845886],[-78.7785828059999,39.6367960800001],[-78.7813904239999,39.63354901],[-78.7840027279999,39.629862486],[-78.788104291,39.62183026],[-78.793499799,39.613480651],[-78.808148236,39.596219909],[-78.811224408,39.5916300640001],[-78.813665814,39.586381041],[-78.814324994,39.58120526],[-78.813250775,39.5769572130001],[-78.809051556,39.571219909],[-78.8080261659999,39.5684367050001],[-78.8111511659999,39.565873229],[-78.8169617129999,39.5640421740001],[-78.834442181,39.5610880720001],[-78.839617963,39.559598814],[-78.844427533,39.557377135],[-78.848187299,39.554838072],[-78.852337689,39.551444518],[-78.8555359309999,39.5481486190001],[-78.865643353,39.5346964710001],[-78.877630658,39.521683775],[-78.9375183529999,39.4740763530001],[-78.947454877,39.46167401],[-78.952069135,39.457694518],[-78.957782025,39.4541544780001],[-78.969012494,39.4502726430001],[-78.977508588,39.4498820180001],[-78.985076947,39.4510538930001],[-78.995721478,39.455863463],[-79.014569135,39.469950377],[-79.030804486,39.477494322],[-79.047869916,39.4826212750001],[-79.057098431,39.483329283],[-79.064666791,39.482328307],[-79.089495004,39.472496194],[-79.082582367,39.5037387040001],[-79.071841566,39.555707887],[-79.061813302,39.607933003],[-79.05251119,39.660411879],[-79.0439488999999,39.713142335],[-79.042693974,39.721659361],[-79.01586308,39.721659361],[-78.9004578059999,39.721659361],[-78.785028119,39.721659361],[-78.669696088,39.721659361],[-78.554241986,39.721634947],[-78.438836713,39.7216105330001],[-78.323480267,39.7216105330001],[-78.208074994,39.7216105330001],[-78.092669721,39.7216105330001],[-77.977264447,39.7216105330001],[-77.86183476,39.7215617060001],[-77.7464538999999,39.7215128770001],[-77.631073041,39.7215128770001],[-77.515643353,39.7215128770001],[-77.4002869079999,39.7215128770001],[-77.284881635,39.7215128770001],[-77.169451947,39.721488463],[-77.054046674,39.7214396350001],[-76.9386414,39.7214396350001],[-76.823284955,39.7214396350001],[-76.7078796809999,39.7214396350001],[-76.5924499939999,39.7214396350001],[-76.477069135,39.721390807],[-76.3616638609999,39.721341978],[-76.246258588,39.721341978],[-76.130877728,39.721341978],[-76.015448041,39.721341978],[-75.90011601,39.721341978],[-75.788643715,39.7213184010001]]],[[[-76.365652862,39.239822959],[-76.373679898,39.2383259980001],[-76.3796136079999,39.2397339990001],[-76.382941633,39.242401579],[-76.3836729769999,39.2455536570001],[-76.381286774,39.2483202610001],[-76.378502063,39.2498071],[-76.3760755539999,39.2508400670001],[-76.365652862,39.239822959]]],[[[-75.057728645,38.4534365910001],[-75.04397539,38.453802802],[-75.04405677,38.4534365910001],[-75.0447485019999,38.425034898],[-75.0511368479999,38.3877627620001],[-75.0670088789999,38.3535198560001],[-75.078765429,38.336737372],[-75.0757950509999,38.3662783870001],[-75.0592341789999,38.422796942],[-75.057728645,38.4534365910001]]],[[[-75.2433354679999,38.0246875440001],[-75.263030004,38.022635192],[-75.2544652989999,38.0309105490001],[-75.2506404289999,38.036891994],[-75.229644335,38.069891669],[-75.1998184889999,38.1038272160001],[-75.194894986,38.113959052],[-75.190337694,38.142726955],[-75.1793106759999,38.16819896],[-75.1533096999999,38.20701732],[-75.11436927,38.280218817],[-75.09870358,38.302639065],[-75.092437304,38.302639065],[-75.10269121,38.273138739],[-75.138661262,38.2188174500001],[-75.171197076,38.148288511],[-75.189694719,38.089779714],[-75.2288712229999,38.0475121110001],[-75.234079556,38.0386009790001],[-75.2433354679999,38.0246875440001]]],[[[-76.124306769,38.2363690550001],[-76.137325249,38.233150863],[-76.1525963779999,38.2373590050001],[-76.178147973,38.2490629960001],[-76.1882918449999,38.265997059],[-76.192315407,38.282511849],[-76.196694096,38.2903255740001],[-76.183402136,38.29595605],[-76.178487424,38.292952122],[-76.175735246,38.2871884370001],[-76.178702956,38.2772132710001],[-76.173736189,38.260874793],[-76.164677317,38.2507975770001],[-76.151970153,38.2484658860001],[-76.1296235329999,38.244010002],[-76.124306769,38.2363690550001]]],[[[-76.025944394,38.1534209580001],[-76.033230298,38.1485511010001],[-76.0627599579999,38.158906715],[-76.0836077629999,38.160666373],[-76.079009402,38.1828438100001],[-76.064461303,38.194510306],[-76.048607685,38.2004075450001],[-76.0362178119999,38.189907737],[-76.0238186239999,38.178457834],[-76.029782188,38.1659011690001],[-76.025944394,38.1534209580001]]],[[[-76.017809636,38.104840343],[-76.009674674,38.092467204],[-76.0055669459999,38.0758713010001],[-76.0149981789999,38.072028743],[-76.0250446479999,38.081959027],[-76.0394432629999,38.079965799],[-76.0567290499999,38.0934050330001],[-76.047538663,38.0951224650001],[-76.0354887779999,38.0932060530001],[-76.0376223109999,38.1032259770001],[-76.0454116839999,38.1114953900001],[-76.024736943,38.127859239],[-76.019082843,38.12960924],[-76.0195022359999,38.1163322720001],[-76.017809636,38.104840343]]],[[[-75.981290972,37.9928362540001],[-75.9897684709999,37.9731509010001],[-75.995650529,37.945146582],[-76.0050493159999,37.950471527],[-76.0101530009999,37.9607343220001],[-76.021359024,37.961139669],[-76.016870258,37.9503814360001],[-76.019280002,37.943985813],[-76.019823121,37.937604423],[-76.0172261709999,37.9287943430001],[-76.022818047,37.928260202],[-76.026367899,37.913515256],[-76.029495905,37.9149624470001],[-76.0315451699999,37.929663813],[-76.0298317439999,37.941941898],[-76.0274534549999,37.9507904700001],[-76.033102584,37.9546713530001],[-76.036786471,37.9507183160001],[-76.0436132769999,37.9491921800001],[-76.04506464,37.9653703710001],[-76.045254666,37.98008777],[-76.0514216789999,37.994086005],[-76.046131965,37.9994164080001],[-76.0305642329999,37.9998270160001],[-76.013648894,37.991614997],[-76.0030411449999,38.000962632],[-76.013539192,38.010484117],[-76.0394587879999,38.0211449240001],[-76.040285304,38.029194685],[-76.0291283939999,38.0336966970001],[-76.017353922,38.038692814],[-76.0104640909999,38.0357997240001],[-76.005364773,38.0265140290001],[-75.98720733,38.01879612],[-75.981290972,37.9928362540001]]]]},"properties":{"NAME":"Maryland","NAME_LONG":"Maryland","ABBREV":"Md."}},{"type":"Feature","geometry":{"type":"MultiPolygon","coordinates":[[[[-73.907133886,40.990812609],[-73.907134569,40.990790106],[-73.907704231,40.971869208],[-73.918080207,40.9314639340001],[-73.9547419909999,40.858587958],[-73.991915737,40.7984598890001],[-74.0062525459999,40.780613916],[-74.0143108039999,40.76584335],[-74.0186330129999,40.751682691],[-74.020926851,40.7420510490001],[-74.028028208,40.7278572590001],[-74.031929413,40.7141808970001],[-74.04808509,40.700628973],[-74.0710343089999,40.6872012390001],[-74.089344856,40.669256903],[-74.0960058,40.6547579270001],[-74.1106597029999,40.650361898],[-74.1310222019999,40.645176895],[-74.142085423,40.646322963],[-74.1389912479999,40.657847673],[-74.10556797,40.7051926390001],[-74.112435421,40.717893467],[-74.126016756,40.7031703920001],[-74.1333178759999,40.6912380530001],[-74.1421913829999,40.676120917],[-74.1500181389999,40.664183048],[-74.160755989,40.662461656],[-74.1790665359999,40.6535098330001],[-74.190320659,40.6493839120001],[-74.2096467729999,40.6342306380001],[-74.215286197,40.591657807],[-74.221669075,40.5720889340001],[-74.2330169299999,40.5665373890001],[-74.249043803,40.562974599],[-74.260487583,40.551819592],[-74.2598776449999,40.5367314260001],[-74.263930322,40.513289788],[-74.269649528,40.504920293],[-74.2826874459999,40.497318766],[-74.269549956,40.4830586030001],[-74.2563370429999,40.4600283870001],[-74.221913215,40.4518903670001],[-74.2059220039999,40.4429385440001],[-74.197132942,40.440863348],[-74.145904101,40.447699286],[-74.1199438139999,40.44525788],[-74.0323380199999,40.421616929],[-73.992990689,40.4024112000001],[-73.9880086109999,40.4078336310001],[-73.995310922,40.4218526650001],[-73.998199023,40.441107489],[-74.018218554,40.4805362000001],[-73.98957272,40.468207098],[-73.979156054,40.4492862000001],[-73.9757011519999,40.429270343],[-73.9709299899999,40.394748808],[-73.972393744,40.3276503],[-73.97988802,40.2801577510001],[-73.992054817,40.226874091],[-74.010751983,40.16755553],[-74.018224366,40.140894452],[-74.025605696,40.1110300980001],[-74.030559572,40.0793409380001],[-74.0367194259999,40.048585416],[-74.040410623,40.0280781160001],[-74.0465615859999,39.9973368],[-74.058819377,39.9545163130001],[-74.0625017209999,39.933095818],[-74.067424092,39.903305242],[-74.0723395919999,39.875379288],[-74.0930126329999,39.7763370600001],[-74.1004384349999,39.7832328350001],[-74.0807396979999,39.9228787700001],[-74.072174929,39.9729908280001],[-74.0660419489999,39.992554936],[-74.0574652769999,40.0121223910001],[-74.0513252999999,40.0353939500001],[-74.050282356,40.054999091],[-74.060699023,40.0621605490001],[-74.0804802699999,40.0512654930001],[-74.078066072,40.043810869],[-74.0671218219999,40.041934725],[-74.0635030029999,40.030751857],[-74.0756813559999,40.025177181],[-74.08301557,40.011209643],[-74.103685519,40.014023988],[-74.109486457,40.002834377],[-74.1220597,39.997300523],[-74.1260880199999,39.9815941430001],[-74.105824348,39.9855410830001],[-74.1022843089999,39.970933335],[-74.1123754549999,39.949693101],[-74.132883267,39.93378327],[-74.1136087459999,39.9310763460001],[-74.109992259,39.921740818],[-74.127042613,39.905893387],[-74.1367998369999,39.89096734],[-74.131991184,39.87229385],[-74.125884569,39.8556175800001],[-74.127268033,39.8484561220001],[-74.145904101,39.8307559270001],[-74.165865232,39.80656409],[-74.1865188949999,39.7721107560001],[-74.190196862,39.744163243],[-74.163319465,39.735174872],[-74.161139801,39.720868789],[-74.1660137279999,39.704098069],[-74.1675512359999,39.6993675800001],[-74.1817794259999,39.69198852],[-74.198762345,39.6761395400001],[-74.210908822,39.650965306],[-74.243622471,39.6434859020001],[-74.2521148909999,39.6313547670001],[-74.2475479809999,39.6214053410001],[-74.2564184239999,39.611639716],[-74.276367306,39.6070723610001],[-74.290905098,39.605187201],[-74.3066662259999,39.5948953490001],[-74.3284908999999,39.576184835],[-74.3297097969999,39.562177996],[-74.303537564,39.5416527360001],[-74.29019121,39.523138739],[-74.2973526679999,39.5086123720001],[-74.310902473,39.5066592470001],[-74.3162735669999,39.514553127],[-74.318186002,39.5246442730001],[-74.3212784499999,39.5297305360001],[-74.3587947259999,39.5501976580001],[-74.373646614,39.543443101],[-74.386789517,39.544419664],[-74.3980199859999,39.550034898],[-74.40721595,39.557033596],[-74.4064835279999,39.520086981],[-74.401275194,39.5024274760001],[-74.3892716139999,39.4949404970001],[-74.3801163399999,39.487494208],[-74.383697069,39.471096096],[-74.3963516919999,39.447170315],[-74.41124427,39.450181382],[-74.422108528,39.4551455750001],[-74.4329727859999,39.456203518],[-74.4481501939999,39.447170315],[-74.454904752,39.4390322940001],[-74.46206621,39.4264183610001],[-74.4675186839999,39.4120954450001],[-74.4686580069999,39.3993594420001],[-74.4503067699999,39.40643952],[-74.434396939,39.3950056010001],[-74.421783007,39.37523021],[-74.413441536,39.357123114],[-74.444406705,39.347113348],[-74.5028376939999,39.3181826840001],[-74.5301407539999,39.310614325],[-74.5301407539999,39.3162295590001],[-74.521107551,39.3303897160001],[-74.5088598299999,39.343451239],[-74.48176022,39.3646507830001],[-74.5096329419999,39.37885163],[-74.542347786,39.347316799],[-74.5552465489999,39.329291083],[-74.5506485669999,39.3162295590001],[-74.5506485669999,39.310614325],[-74.61449134,39.3124046900001],[-74.642079231,39.3067080750001],[-74.6604711579999,39.289496161],[-74.642567512,39.28900788],[-74.6295059889999,39.284369208],[-74.61815345,39.2787539730001],[-74.6052139959999,39.275213934],[-74.5506485669999,39.289496161],[-74.5506485669999,39.2826602230001],[-74.5789688789999,39.267767645],[-74.620838996,39.2232119810001],[-74.643055793,39.213812567],[-74.6543676419999,39.2013613950001],[-74.701486783,39.124416408],[-74.7118220689999,39.131008205],[-74.7228083979999,39.131822007],[-74.7332657539999,39.127427476],[-74.742421028,39.1181501320001],[-74.737538215,39.1177432310001],[-74.7367244129999,39.1167666690001],[-74.736968554,39.1146914730001],[-74.73558509,39.1113955750001],[-74.7252498039999,39.115952867],[-74.716379361,39.114935614],[-74.7101944649999,39.1087914080001],[-74.70832272,39.0977237],[-74.713734504,39.0911319030001],[-74.737172004,39.07025788],[-74.7457169259999,39.0545108090001],[-74.753814257,39.048773505],[-74.7640681629999,39.0442569030001],[-74.7880753249999,39.03904857],[-74.7893774079999,39.03119538],[-74.7852677069999,39.0220401060001],[-74.783355273,39.015122789],[-74.8032934239999,38.9876162780001],[-74.836089648,38.9634463560001],[-74.875111457,38.9445254580001],[-74.9330948559999,38.9263369810001],[-74.9442439439999,38.9243838560001],[-74.9547013009999,38.9264183610001],[-74.967640754,38.935777085],[-74.96933378,38.9459968730001],[-74.965150318,38.95701071],[-74.961798333,38.9693227070001],[-74.9567681909999,38.9881115740001],[-74.952566039,39.0075481640001],[-74.9443253249999,39.0247256530001],[-74.894439257,39.1076113950001],[-74.8872777989999,39.1467959660001],[-74.906320767,39.1796328800001],[-74.9222305979999,39.1885440120001],[-74.9385880199999,39.192531643],[-74.978871223,39.193304755],[-74.986439582,39.192328192],[-75.003732877,39.1880557310001],[-75.0130509109999,39.1870791690001],[-75.022206184,39.1892764340001],[-75.023426887,39.1948916690001],[-75.0228572259999,39.2024600280001],[-75.0266820949999,39.210679429],[-75.04027259,39.2145449890001],[-75.0611466139999,39.213527736],[-75.092437304,39.2075869810001],[-75.10659746,39.200140692],[-75.117176887,39.1928164730001],[-75.128895637,39.18768952],[-75.146473762,39.1870791690001],[-75.145008918,39.1914737000001],[-75.1593318349999,39.198635158],[-75.1669815749999,39.2075869810001],[-75.168812629,39.216009833],[-75.1656388009999,39.228338934],[-75.1669815749999,39.2342796900001],[-75.1757706369999,39.242010809],[-75.211659309,39.264349677],[-75.2259415359999,39.268988348],[-75.234201627,39.27338288],[-75.242095507,39.2926292990001],[-75.2495011059999,39.2969424500001],[-75.2874242829999,39.2969424500001],[-75.3036189439999,39.3032901060001],[-75.313221809,39.317816473],[-75.3209122389999,39.3336856140001],[-75.3314102859999,39.3441429710001],[-75.340565559,39.345038153],[-75.3482152989999,39.3420270850001],[-75.354481575,39.338568427],[-75.359364387,39.3378766950001],[-75.3671768869999,39.3425967470001],[-75.371937629,39.3477237000001],[-75.375559049,39.352728583],[-75.4776505199999,39.440863348],[-75.508168098,39.4573428410001],[-75.531605598,39.477972723],[-75.5413305329999,39.5088565120001],[-75.5373429029999,39.503159898],[-75.5316462879999,39.498480536],[-75.5238337879999,39.4949404970001],[-75.521555142,39.514105536],[-75.510406054,39.5596377620001],[-75.513661262,39.5737979190001],[-75.5474747389999,39.601060289],[-75.558216926,39.61347077],[-75.5574438139999,39.62124258],[-75.535389778,39.638902085],[-75.5165095689999,39.6477725280001],[-75.510243293,39.652655341],[-75.5071508449999,39.662298895],[-75.5049942699999,39.67601146],[-75.50112871,39.688299872],[-75.487538215,39.696844794],[-75.483143684,39.7041690120001],[-75.476673957,39.711371161],[-75.4651993479999,39.7146670590001],[-75.4633682929999,39.7193871110001],[-75.461822069,39.748236395],[-75.440174934,39.777004299],[-75.4061173169999,39.802923895],[-75.3672989569999,39.8237979190001],[-75.3109024729999,39.843207098],[-75.2682999339999,39.8507754580001],[-75.246083137,39.8518740910001],[-75.229074674,39.8545596370001],[-75.192941861,39.867499091],[-75.168853319,39.872707424],[-75.167591926,39.8734805360001],[-75.166249153,39.8733584660001],[-75.1607559889999,39.8785667990001],[-75.144154426,39.87490469],[-75.1293839179999,39.8838565120001],[-75.1148168609999,39.8971621770001],[-75.09870358,39.90643952],[-75.1136775379999,39.92206452],[-75.120228645,39.9407412780001],[-75.115956184,39.9525820980001],[-75.09870358,39.947455145],[-75.085031705,39.9610863300001],[-75.078765429,39.953599351],[-75.0394180979999,40.002630927],[-75.023589648,40.0163028020001],[-74.9885925719999,40.0292277210001],[-74.975067181,40.036283386],[-74.935760541,40.07026776],[-74.9204285099999,40.077860533],[-74.8828308529999,40.087162291],[-74.872625775,40.0908732280001],[-74.8377624939999,40.11492108],[-74.8282654239999,40.1188517440001],[-74.8031433529999,40.1215861200001],[-74.7699402279999,40.1298380720001],[-74.741009564,40.14370526],[-74.728631635,40.16323651],[-74.739373822,40.1848673690001],[-74.7647156189999,40.206278502],[-74.818035931,40.2417277210001],[-74.8492371029999,40.2712931500001],[-74.8830749939999,40.3081095570001],[-74.8862976499999,40.3140177600001],[-74.895501752,40.3234415880001],[-74.9477478459999,40.3590372910001],[-74.961492963,40.3975870960001],[-74.9745300719999,40.4145792830001],[-75.013690228,40.4033244],[-75.035858197,40.4151652210001],[-75.0543152279999,40.4353800640001],[-75.06442265,40.4540079940001],[-75.0716492129999,40.531864439],[-75.088787885,40.558329283],[-75.1395447209999,40.5707072130001],[-75.1695496029999,40.5662638530001],[-75.182196088,40.570389831],[-75.1897156189999,40.5981730330001],[-75.19386601,40.608695494],[-75.1957458919999,40.619144713],[-75.1910583919999,40.629056822],[-75.194793744,40.6606730330001],[-75.193963666,40.670487486],[-75.19086308,40.6779337750001],[-75.194793744,40.6880167830001],[-75.198162885,40.7005411970001],[-75.194158978,40.7139933460001],[-75.180487103,40.742631041],[-75.183538861,40.74316815],[-75.187445111,40.7502970570001],[-75.188739056,40.75854901],[-75.1839050719999,40.7624796740001],[-75.176532025,40.765775572],[-75.1697205019999,40.7736369],[-75.160662885,40.7904337750001],[-75.142327924,40.783964049],[-75.121917767,40.7856730330001],[-75.105438275,40.7956339710001],[-75.098602338,40.8139933460001],[-75.0934265559999,40.838090025],[-75.0813660099999,40.8477335800001],[-75.0676941349999,40.855131041],[-75.057611127,40.8723429550001],[-75.061224408,40.891507994],[-75.075653119,40.90867108],[-75.091278119,40.922269713],[-75.098602338,40.9306681500001],[-75.10023808,40.936625182],[-75.1045105409999,40.939774596],[-75.110247846,40.9410197130001],[-75.1162781189999,40.9412394390001],[-75.119989056,40.942777525],[-75.1198914,40.946439635],[-75.1188171809999,40.950931822],[-75.119696088,40.954911314],[-75.1313171809999,40.967240417],[-75.137298627,40.9751994000001],[-75.1395447209999,40.982206236],[-75.1288269469999,40.998050963],[-75.106439252,41.0137492050001],[-75.0826843689999,41.0258097520001],[-75.067840619,41.0306193220001],[-75.045721478,41.035209166],[-75.0269958919999,41.046805846],[-74.986199994,41.0860148300001],[-74.9823914,41.0871867050001],[-74.982049603,41.0897013530001],[-74.9824890559999,41.102006041],[-74.978338666,41.106791197],[-74.9687195249999,41.112528502],[-74.95817265,41.1173869],[-74.9511414,41.119388853],[-74.938201947,41.127616393],[-74.8862976499999,41.180839049],[-74.862567181,41.2248087750001],[-74.852923627,41.252616394],[-74.852142377,41.259647643],[-74.844696088,41.2729777210001],[-74.7906921809999,41.3111857280001],[-74.788592572,41.3140177600001],[-74.783221478,41.3238322130001],[-74.7801453059999,41.3279337750001],[-74.7750671809999,41.330741393],[-74.764373822,41.3316691270001],[-74.75089726,41.340775572],[-74.7406433529999,41.3436808460001],[-74.718402142,41.344706236],[-74.6985535099999,41.354520689],[-74.6989929629999,41.356254088],[-74.600018353,41.310550963],[-74.500994916,41.264872252],[-74.401995892,41.219169127],[-74.302996869,41.1735148300001],[-74.20402226,41.1278361190001],[-74.1049988219999,41.082132994],[-74.005999799,41.0364542840001],[-73.907133886,40.990812609]]],[[[-74.2316324209999,39.5529912480001],[-74.2564184239999,39.5222028670001],[-74.255767382,39.5297305360001],[-74.254465299,39.534613348],[-74.254639713,39.547361925],[-74.2400720969999,39.5753878840001],[-74.1599865809999,39.6854635250001],[-74.132883267,39.7146670590001],[-74.11827552,39.737982489],[-74.109486457,39.7489281270001],[-74.098133918,39.755682684],[-74.105783658,39.7291527360001],[-74.1296816439999,39.7012897160001],[-74.147901463,39.6658955830001],[-74.184308355,39.6155547090001],[-74.2316324209999,39.5529912480001]]],[[[-74.3592423169999,39.401556708],[-74.393381314,39.389146226],[-74.425526496,39.3937442080001],[-74.4481501939999,39.419867255],[-74.43089759,39.425360419],[-74.4217016269999,39.416937567],[-74.413563606,39.404771226],[-74.399769661,39.3993594420001],[-74.386626757,39.40648021],[-74.371734179,39.4365908870001],[-74.3587947259999,39.447170315],[-74.3675430979999,39.46503327],[-74.3516332669999,39.470200914],[-74.302113411,39.4647484400001],[-74.304921028,39.4597842470001],[-74.313343879,39.4551455750001],[-74.317860481,39.4540062520001],[-74.330922004,39.4260928410001],[-74.3592423169999,39.401556708]]]]},"properties":{"NAME":"New Jersey","NAME_LONG":"New Jersey","ABBREV":"N.J."}},{"type":"Feature","geometry":{"type":"Polygon","coordinates":[[[-74.6989929629999,41.356254088],[-74.6985535099999,41.354520689],[-74.718402142,41.344706236],[-74.7406433529999,41.3436808460001],[-74.75089726,41.340775572],[-74.764373822,41.3316691270001],[-74.7750671809999,41.330741393],[-74.7801453059999,41.3279337750001],[-74.783221478,41.3238322130001],[-74.788592572,41.3140177600001],[-74.7906921809999,41.3111857280001],[-74.844696088,41.2729777210001],[-74.852142377,41.259647643],[-74.852923627,41.252616394],[-74.862567181,41.2248087750001],[-74.8862976499999,41.180839049],[-74.938201947,41.127616393],[-74.9511414,41.119388853],[-74.95817265,41.1173869],[-74.9687195249999,41.112528502],[-74.978338666,41.106791197],[-74.9824890559999,41.102006041],[-74.982049603,41.0897013530001],[-74.9823914,41.0871867050001],[-74.986199994,41.0860148300001],[-75.0269958919999,41.046805846],[-75.045721478,41.035209166],[-75.067840619,41.0306193220001],[-75.0826843689999,41.0258097520001],[-75.106439252,41.0137492050001],[-75.1288269469999,40.998050963],[-75.1395447209999,40.982206236],[-75.137298627,40.9751994000001],[-75.1313171809999,40.967240417],[-75.119696088,40.954911314],[-75.1188171809999,40.950931822],[-75.1198914,40.946439635],[-75.119989056,40.942777525],[-75.1162781189999,40.9412394390001],[-75.110247846,40.9410197130001],[-75.1045105409999,40.939774596],[-75.10023808,40.936625182],[-75.098602338,40.9306681500001],[-75.091278119,40.922269713],[-75.075653119,40.90867108],[-75.061224408,40.891507994],[-75.057611127,40.8723429550001],[-75.0676941349999,40.855131041],[-75.0813660099999,40.8477335800001],[-75.0934265559999,40.838090025],[-75.098602338,40.8139933460001],[-75.105438275,40.7956339710001],[-75.121917767,40.7856730330001],[-75.142327924,40.783964049],[-75.160662885,40.7904337750001],[-75.1697205019999,40.7736369],[-75.176532025,40.765775572],[-75.1839050719999,40.7624796740001],[-75.188739056,40.75854901],[-75.187445111,40.7502970570001],[-75.183538861,40.74316815],[-75.180487103,40.742631041],[-75.194158978,40.7139933460001],[-75.198162885,40.7005411970001],[-75.194793744,40.6880167830001],[-75.19086308,40.6779337750001],[-75.193963666,40.670487486],[-75.194793744,40.6606730330001],[-75.1910583919999,40.629056822],[-75.1957458919999,40.619144713],[-75.19386601,40.608695494],[-75.1897156189999,40.5981730330001],[-75.182196088,40.570389831],[-75.1695496029999,40.5662638530001],[-75.1395447209999,40.5707072130001],[-75.088787885,40.558329283],[-75.0716492129999,40.531864439],[-75.06442265,40.4540079940001],[-75.0543152279999,40.4353800640001],[-75.035858197,40.4151652210001],[-75.013690228,40.4033244],[-74.9745300719999,40.4145792830001],[-74.961492963,40.3975870960001],[-74.9477478459999,40.3590372910001],[-74.895501752,40.3234415880001],[-74.8862976499999,40.3140177600001],[-74.8830749939999,40.3081095570001],[-74.8492371029999,40.2712931500001],[-74.818035931,40.2417277210001],[-74.7647156189999,40.206278502],[-74.739373822,40.1848673690001],[-74.728631635,40.16323651],[-74.741009564,40.14370526],[-74.7699402279999,40.1298380720001],[-74.8031433529999,40.1215861200001],[-74.8282654239999,40.1188517440001],[-74.8377624939999,40.11492108],[-74.872625775,40.0908732280001],[-74.8828308529999,40.087162291],[-74.9204285099999,40.077860533],[-74.935760541,40.07026776],[-74.975067181,40.036283386],[-74.9885925719999,40.0292277210001],[-75.023589648,40.0163028020001],[-75.046538866,40.0091006530001],[-75.079986132,39.9863955750001],[-75.1024063789999,39.9815941430001],[-75.1196996739999,39.9741885440001],[-75.132923957,39.9561221370001],[-75.138742642,39.93357982],[-75.1334122389999,39.9126651060001],[-75.147775845,39.90257396],[-75.207915819,39.8854027360001],[-75.248687304,39.86725495],[-75.2731013659999,39.8640811220001],[-75.297352668,39.8717308610001],[-75.358876106,39.8483340520001],[-75.376454231,39.8450381530001],[-75.39171302,39.839585679],[-75.424462523,39.8066136430001],[-75.4252136659999,39.807084166],[-75.4314636659999,39.810990417],[-75.446405072,39.8167277210001],[-75.4698669859999,39.8253458850001],[-75.4948914,39.833158385],[-75.529315228,39.837845885],[-75.5731140559999,39.8386271350001],[-75.601263471,39.837845885],[-75.630218549,39.830814635],[-75.652117963,39.8253458850001],[-75.677948041,39.8151652210001],[-75.702215619,39.801786314],[-75.7311218689999,39.7823038930001],[-75.758514447,39.751810728],[-75.7752869079999,39.722587096],[-75.776995892,39.7210490100001],[-75.784686322,39.7213175640001],[-75.788643715,39.7213184010001],[-75.90011601,39.721341978],[-76.015448041,39.721341978],[-76.130877728,39.721341978],[-76.246258588,39.721341978],[-76.3616638609999,39.721341978],[-76.477069135,39.721390807],[-76.5924499939999,39.7214396350001],[-76.7078796809999,39.7214396350001],[-76.823284955,39.7214396350001],[-76.9386414,39.7214396350001],[-77.054046674,39.7214396350001],[-77.169451947,39.721488463],[-77.284881635,39.7215128770001],[-77.4002869079999,39.7215128770001],[-77.515643353,39.7215128770001],[-77.631073041,39.7215128770001],[-77.7464538999999,39.7215128770001],[-77.86183476,39.7215617060001],[-77.977264447,39.7216105330001],[-78.092669721,39.7216105330001],[-78.208074994,39.7216105330001],[-78.323480267,39.7216105330001],[-78.438836713,39.7216105330001],[-78.554241986,39.721634947],[-78.669696088,39.721659361],[-78.785028119,39.721659361],[-78.9004578059999,39.721659361],[-79.01586308,39.721659361],[-79.042693974,39.721659361],[-79.0361401599999,39.766122183],[-79.0290987549999,39.8193492240001],[-79.022838525,39.8728212530001],[-79.014288811,39.9367303060001],[-79.002432187,39.9905114160001],[-78.9704715239999,40.0717881580001],[-78.930323995,40.124850079],[-78.885373289,40.157899998],[-78.794573291,40.196801447],[-78.724944576,40.2542192650001],[-78.7031338229999,40.2996663000001],[-78.688134469,40.347205362],[-78.680541651,40.3966825170001],[-78.680953425,40.4479427360001],[-78.689970766,40.500829526],[-78.7081975399999,40.555184544],[-78.7362404469999,40.610847175],[-78.7747089329999,40.6676540810001],[-78.80410834,40.7235858240001],[-78.807531745,40.7767403240001],[-78.789660097,40.8271313220001],[-78.7551929949999,40.8747627680001],[-78.7088469059999,40.919635848],[-78.655353368,40.961754279],[-78.599457182,41.001127848],[-78.5459145919999,41.0377742000001],[-78.47378717,41.1024131380001],[-78.42411207,41.1536844940001],[-78.367452395,41.2148966330001],[-78.3053806,41.284030781],[-78.239478011,41.3590702000001],[-78.2055874919999,41.3981748250001],[-78.171337733,41.4380006310001],[-78.1369300469999,41.4782962670001],[-78.102566688,41.5188105600001],[-78.068450865,41.559292516],[-78.034786745,41.5994913150001],[-77.969634953,41.6780369910001],[-77.908762828,41.752444212],[-77.8538346999999,41.8207117250001],[-77.8065250859999,41.8808398310001],[-77.768515087,41.930829659],[-77.7271227109999,41.9923976760001],[-77.7293313819999,41.9987822900001],[-77.686029096,41.998758971],[-77.550018353,41.998685728],[-77.4139343689999,41.9985636580001],[-77.277948041,41.99851483],[-77.141864056,41.9984171740001],[-77.0058289,41.9983683460001],[-76.869842572,41.998270689],[-76.7337830019999,41.998221861],[-76.597723431,41.9980997910001],[-76.461737103,41.998050963],[-76.325677533,41.997953307],[-76.189617963,41.9979044780001],[-76.053631635,41.9978068220001],[-75.91754765,41.997757994],[-75.781512494,41.9976359240001],[-75.645526166,41.9975870960001],[-75.509466596,41.997489439],[-75.373455853,41.997465025],[-75.351287885,41.9973917830001],[-75.338983197,41.9973917830001],[-75.3394470639999,41.9839884630001],[-75.3154968689999,41.970194518],[-75.284198041,41.9590861190001],[-75.2630554629999,41.948002135],[-75.25714726,41.92964276],[-75.254901166,41.9045695180001],[-75.2491394469999,41.8824015490001],[-75.232635541,41.872904478],[-75.1774109309999,41.8797160020001],[-75.1647156189999,41.876566588],[-75.142767377,41.862430846],[-75.1155945249999,41.854960143],[-75.1012390559999,41.8362101430001],[-75.091741986,41.8319376820001],[-75.0789490169999,41.82808026],[-75.083074994,41.818802916],[-75.106024213,41.7971964710001],[-75.085369916,41.7887247910001],[-75.067889447,41.784012877],[-75.055877728,41.7749064320001],[-75.051409955,41.753104674],[-75.054510541,41.7436564320001],[-75.0681335879999,41.7351603380001],[-75.0712585879999,41.725809752],[-75.057611127,41.6879435420001],[-75.0577087829999,41.6672892440001],[-75.063934369,41.61570233],[-75.061004681,41.6053751820001],[-75.0483581969999,41.5959513530001],[-74.997869916,41.5138468610001],[-74.984344525,41.498295103],[-74.9672302669999,41.4869181500001],[-74.922625775,41.478617369],[-74.910223431,41.469242369],[-74.9004089779999,41.4580119],[-74.8862976499999,41.448343932],[-74.8620789,41.4444865100001],[-74.813177533,41.4468790880001],[-74.7938171809999,41.4377726430001],[-74.780877728,41.4289347530001],[-74.7703796809999,41.4287882680001],[-74.7605163999999,41.4323527210001],[-74.7491394469999,41.434672058],[-74.741619916,41.431400572],[-74.736395306,41.4235880730001],[-74.728631635,41.4074015490001],[-74.7198913999999,41.3976603380001],[-74.704461713,41.376127135],[-74.6989929629999,41.356254088]]]},"properties":{"NAME":"Pennsylvania","NAME_LONG":"Pennsylvania","ABBREV":"Pa."}},{"type":"Feature","geometry":{"type":"MultiPolygon","coordinates":[[[[-70.6102128199999,42.987316627],[-70.612437127,42.984019581],[-70.608388691,42.9837066740001],[-70.603444793,42.98372569],[-70.60162101,42.9804453070001],[-70.606553054,42.9784524830001],[-70.6115139859999,42.9807348240001],[-70.6169281429999,42.9833440280001],[-70.61919217,42.9856370260001],[-70.617425043,42.989918755],[-70.6111332309999,42.990272425],[-70.6102128199999,42.987316627]]],[[[-69.3098852199999,43.760484117],[-69.32160397,43.755275783],[-69.324208137,43.760484117],[-69.320301887,43.7695987000001],[-69.3137914699999,43.7735049500001],[-69.300770637,43.770900783],[-69.3098852199999,43.760484117]]],[[[-69.652333137,43.7904320330001],[-69.664051887,43.7891299500001],[-69.68488522,43.811265367],[-69.6887914699999,43.8281924500001],[-69.67316647,43.852932033],[-69.647124804,43.8373070330001],[-69.648426887,43.819077867],[-69.652333137,43.7904320330001]]],[[[-69.714820773,43.859451721],[-69.714833137,43.8594424500001],[-69.721343554,43.8724632830001],[-69.730458137,43.89069245],[-69.7226456369999,43.907619533],[-69.70051022,43.927150783],[-69.693999804,43.94537995],[-69.678374804,43.967515367],[-69.6692602199999,43.955796617],[-69.6692602199999,43.942775783],[-69.68097897,43.9336612000001],[-69.690093554,43.905015367],[-69.69012422,43.9048631170001],[-69.6901618979999,43.9046773040001],[-69.690213887,43.904422367],[-69.690279752,43.904101304],[-69.690359054,43.903717117],[-69.690451356,43.9032728040001],[-69.69055622,43.9027713670001],[-69.69067321,43.9022158040001],[-69.690801887,43.9016091170001],[-69.690941814,43.9009543040001],[-69.6910925539999,43.9002543670001],[-69.6912536679999,43.899512304],[-69.69142472,43.8987311170001],[-69.6916052729999,43.8979138040001],[-69.6917948869999,43.8970633670001],[-69.6919931269999,43.896182804],[-69.6921995539999,43.895275117],[-69.692413731,43.8943433040001],[-69.69263522,43.8933903670001],[-69.6928635849999,43.892419304],[-69.6930983869999,43.8914331170001],[-69.6933391889999,43.890434804],[-69.693585554,43.8894273670001],[-69.6938370429999,43.8884138040001],[-69.6940932199999,43.8873971170001],[-69.6943536479999,43.8863803040001],[-69.6946178869999,43.8853663670001],[-69.6948855019999,43.8843583040001],[-69.6951560539999,43.883359117],[-69.6954291059999,43.8823718040001],[-69.69570422,43.881399367],[-69.69598096,43.880444804],[-69.6962588869999,43.8795111170001],[-69.696537564,43.878601304],[-69.6968165539999,43.877718367],[-69.6970954179999,43.876865304],[-69.6973737199999,43.8760451170001],[-69.697651023,43.875260804],[-69.6979268869999,43.874515367],[-69.698200877,43.8738118040001],[-69.698472554,43.8731531170001],[-69.698741481,43.872542304],[-69.6990072199999,43.871982367],[-69.6992693349999,43.871476304],[-69.6995273869999,43.871027117],[-69.699780939,43.870637804],[-69.700029554,43.870311367],[-69.700272793,43.8700508040001],[-69.70051022,43.869859117],[-69.701009137,43.86952245],[-69.701280002,43.869336929],[-69.701564054,43.869140783],[-69.701860481,43.868934637],[-69.7021684699999,43.8687191170001],[-69.70248721,43.868494846],[-69.702815887,43.8682624500001],[-69.703153689,43.8680225540001],[-69.703499804,43.8677757830001],[-69.7038534179999,43.8675227620001],[-69.70421372,43.8672641170001],[-69.704579898,43.867000471],[-69.704951137,43.86673245],[-69.705326627,43.866460679],[-69.705705554,43.866185783],[-69.706087106,43.865908387],[-69.7064704699999,43.865629117],[-69.7068548349999,43.865348596],[-69.707239387,43.86506745],[-69.7076233139999,43.8647863040001],[-69.708005804,43.864505783],[-69.7083860429999,43.864226512],[-69.7087632199999,43.863949117],[-69.709136523,43.8636742210001],[-69.7095051369999,43.8634024500001],[-69.7098682519999,43.8631344290001],[-69.710225054,43.8628707830001],[-69.710574731,43.862612137],[-69.71091647,43.862359117],[-69.7112494599999,43.8621123460001],[-69.711572887,43.8618724500001],[-69.7118859389999,43.8616400540001],[-69.712187804,43.861415783],[-69.7124776679999,43.8612002620001],[-69.7127547199999,43.8609941170001],[-69.7130181479999,43.8607979710001],[-69.713267137,43.8606124500001],[-69.713500877,43.860438179],[-69.7137185539999,43.860275783],[-69.7139193559999,43.860125887],[-69.71410247,43.859989117],[-69.714267085,43.8598660960001],[-69.714412387,43.8597574500001],[-69.714537564,43.859663804],[-69.714641804,43.8595857830001],[-69.7147242929999,43.8595240120001],[-69.71478422,43.859479117],[-69.714820773,43.859451721]]],[[[-69.4335831369999,43.908921617],[-69.443999804,43.907619533],[-69.443999804,43.9219424500001],[-69.4387914699999,43.9349632830001],[-69.4335831369999,43.951890367],[-69.421864387,43.938869533],[-69.4335831369999,43.908921617]]],[[[-68.885406054,43.8555362000001],[-68.901031054,43.8490257830001],[-68.90363522,43.8555362000001],[-68.898426887,43.8672549500001],[-68.8958227199999,43.8737653670001],[-68.88410397,43.8724632830001],[-68.885406054,43.8555362000001]]],[[[-69.38410397,43.9792341170001],[-69.389312304,43.971421617],[-69.394520637,43.9753278670001],[-69.397124804,43.987046617],[-69.390614387,43.9961612000001],[-69.385406054,44.002671617],[-69.378895637,44.0039737000001],[-69.381499804,43.9883487000001],[-69.38410397,43.9792341170001]]],[[[-68.8481339179999,44.0955264340001],[-68.827381965,44.08978913],[-68.782744921,44.084662177],[-68.7729792959999,44.0818952490001],[-68.77464759,44.061875718],[-68.7867325509999,44.052354234],[-68.8005671869999,44.0465762390001],[-68.807118293,44.037543036],[-68.815459765,44.0319278020001],[-68.8345841139999,44.0351016300001],[-68.8692520819999,44.0483666040001],[-68.860096809,44.0652123070001],[-68.8680313789999,44.079372463],[-68.886748827,44.08987051],[-68.910186327,44.0955264340001],[-68.901560025,44.1140404320001],[-68.884144661,44.1138369810001],[-68.8481339179999,44.0955264340001]]],[[[-68.63410397,44.018296617],[-68.656239387,44.010484117],[-68.662749804,44.0195987],[-68.660145637,44.032619533],[-68.65363522,44.0521507830001],[-68.651031054,44.0651716170001],[-68.6406143869999,44.0781924500001],[-68.62629147,44.091213283],[-68.6067602199999,44.088609117],[-68.601551887,44.07037995],[-68.59894772,44.0469424500001],[-68.608062304,44.0235049500001],[-68.63410397,44.018296617]]],[[[-68.851551887,44.1250674500001],[-68.8632706369999,44.119859117],[-68.88801022,44.1302757830001],[-68.901031054,44.1341820330001],[-68.91926022,44.1250674500001],[-68.937489387,44.1055362],[-68.94269772,44.1172549500001],[-68.940093554,44.1250674500001],[-68.928374804,44.1419945330001],[-68.889312304,44.1641299500001],[-68.85676022,44.181057033],[-68.820301887,44.1784528670001],[-68.811187304,44.169338283],[-68.811187304,44.1485049500001],[-68.824208137,44.1445987000001],[-68.84113522,44.138088283],[-68.851551887,44.1250674500001]]],[[[-68.490874804,44.1146507830001],[-68.503895637,44.1003278670001],[-68.5169164699999,44.1094424500001],[-68.514312304,44.1211612],[-68.50519772,44.1263695330001],[-68.49738522,44.123765367],[-68.490874804,44.1146507830001]]],[[[-68.358062304,44.104234117],[-68.369781054,44.0990257830001],[-68.37629147,44.1133487000001],[-68.36457272,44.1224632830001],[-68.3489477199999,44.127671617],[-68.34113522,44.1224632830001],[-68.330718554,44.110744533],[-68.33722897,44.1094424500001],[-68.358062304,44.104234117]]],[[[-68.402333137,44.1758487000001],[-68.390614387,44.162827867],[-68.3919164699999,44.145900783],[-68.40363522,44.1341820330001],[-68.432281054,44.1289737000001],[-68.4426977199999,44.1445987000001],[-68.4544164699999,44.151109117],[-68.463531054,44.1498070330001],[-68.48957272,44.1406924500001],[-68.502593554,44.1485049500001],[-68.5064998039999,44.1602237000001],[-68.492176887,44.169338283],[-68.4752498039999,44.166734117],[-68.472645637,44.177150783],[-68.459624804,44.184963283],[-68.443999804,44.181057033],[-68.43879147,44.174546617],[-68.42707272,44.1758487000001],[-68.416656054,44.182359117],[-68.402333137,44.1758487000001]]],[[[-68.901031054,44.280015367],[-68.9205623039999,44.237046617],[-68.933583137,44.2357445330001],[-68.933583137,44.2435570330001],[-68.9270727199999,44.2669945330001],[-68.924468554,44.2813174500001],[-68.941395637,44.2813174500001],[-68.94269772,44.290432033],[-68.924468554,44.307359117],[-68.901031054,44.3112653670001],[-68.885406054,44.299546617],[-68.901031054,44.280015367]]],[[[-68.662058072,44.15619538],[-68.6819962229999,44.1526146510001],[-68.716338671,44.1673444680001],[-68.720204231,44.1721459010001],[-68.7146296869999,44.1812197940001],[-68.710886197,44.1904564470001],[-68.713327603,44.200995184],[-68.724598762,44.2190615910001],[-68.716257291,44.2184512390001],[-68.698923306,44.219671942],[-68.6904597649999,44.2190615910001],[-68.695057746,44.2286237650001],[-68.6967667309999,44.239528713],[-68.695301887,44.250433661],[-68.6904597649999,44.2600365260001],[-68.678944465,44.2696393900001],[-68.667469856,44.270127671],[-68.642079231,44.2600365260001],[-68.6230769519999,44.2498639990001],[-68.6164851549999,44.2370873070001],[-68.6142878899999,44.223985093],[-68.608509895,44.2128360050001],[-68.620106575,44.208441473],[-68.6443171869999,44.20319245],[-68.656361457,44.19916413],[-68.6506241529999,44.1902936870001],[-68.6430557929999,44.1846377620001],[-68.6227921209999,44.1775169940001],[-68.6227921209999,44.171332098],[-68.662058072,44.15619538]]],[[[-68.690093554,44.276109117],[-68.7044164699999,44.2735049500001],[-68.7044896369999,44.2735296170001],[-68.704579033,44.273560075],[-68.704701804,44.273602283],[-68.704856575,44.273655992],[-68.70504197,44.27372095],[-68.705256616,44.2737969080001],[-68.7054991369999,44.2738836170001],[-68.7057681579999,44.2739808250001],[-68.7060623039999,44.274088283],[-68.7063802,44.274205742],[-68.70672047,44.27433295],[-68.707081741,44.274469658],[-68.7074626369999,44.274615617],[-68.707861783,44.274770575],[-68.708277804,44.274934283],[-68.708709325,44.2751064920001],[-68.70915497,44.2752869500001],[-68.709613366,44.2754754080001],[-68.710083137,44.275671617],[-68.710562908,44.2758753250001],[-68.7110513039999,44.276086283],[-68.71154695,44.276304242],[-68.71204847,44.2765289500001],[-68.712554491,44.276760158],[-68.713063637,44.2769976170001],[-68.713574533,44.2772410750001],[-68.714085804,44.2774902830001],[-68.7145960749999,44.2777449920001],[-68.71510397,44.27800495],[-68.7156081159999,44.278269908],[-68.7161071369999,44.278539617],[-68.716599658,44.278813825],[-68.717084304,44.279092283],[-68.7175596999999,44.2793747420001],[-68.71802447,44.2796609500001],[-68.7184772409999,44.279950658],[-68.7189166369999,44.280243617],[-68.719341283,44.2805395750001],[-68.719749804,44.280838283],[-68.720140825,44.2811394920001],[-68.72051297,44.28144295],[-68.720864866,44.281748408],[-68.7211951369999,44.282055617],[-68.721502408,44.2823643250001],[-68.721785304,44.282674283],[-68.7220424499999,44.282985242],[-68.72227247,44.2832969500001],[-68.7224739909999,44.2836091580001],[-68.722645637,44.283921617],[-68.722988387,44.2845523670001],[-68.723181325,44.284871492],[-68.723387637,44.2851926170001],[-68.7236065749999,44.2855153670001],[-68.7238373869999,44.285839367],[-68.7240793249999,44.286164242],[-68.724331637,44.286489617],[-68.724593575,44.2868151170001],[-68.724864387,44.287140367],[-68.725143325,44.287464992],[-68.7254296369999,44.287788617],[-68.7257225749999,44.288110867],[-68.7260213869999,44.288431367],[-68.726325325,44.288749742],[-68.7266336369999,44.289065617],[-68.7269455749999,44.2893786170001],[-68.727260387,44.289688367],[-68.727577325,44.289994492],[-68.7278956369999,44.2902966170001],[-68.728214575,44.290594367],[-68.728533387,44.290887367],[-68.728851325,44.2911752420001],[-68.7291676369999,44.291457617],[-68.7294815749999,44.291734117],[-68.729792387,44.2920043670001],[-68.730099325,44.292267992],[-68.7304016369999,44.292524617],[-68.730698575,44.2927738670001],[-68.730989387,44.2930153670001],[-68.7312733249999,44.2932487420001],[-68.7315496369999,44.2934736170001],[-68.731817575,44.293689617],[-68.732076387,44.2938963670001],[-68.732325325,44.294093492],[-68.732563637,44.2942806170001],[-68.732790575,44.2944573670001],[-68.7330053869999,44.2946233670001],[-68.733207325,44.2947782420001],[-68.7333956369999,44.2949216170001],[-68.7335695749999,44.295053117],[-68.733728387,44.2951723670001],[-68.7338713249999,44.2952789920001],[-68.7339976369999,44.295372617],[-68.7341065749999,44.295452867],[-68.734197387,44.295519367],[-68.734269325,44.295571742],[-68.734321637,44.295609617],[-68.734353575,44.2956326170001],[-68.7343643869999,44.295640367],[-68.742176887,44.302150783],[-68.736968554,44.307359117],[-68.7291560539999,44.3060570330001],[-68.701812304,44.2943382830001],[-68.683583137,44.2852237],[-68.690093554,44.276109117]]],[[[-68.238270637,44.237046617],[-68.2525935539999,44.2318382830001],[-68.272124804,44.2357445330001],[-68.27863522,44.2422549500001],[-68.27863522,44.2578799500001],[-68.26691647,44.2617862000001],[-68.2486873039999,44.260484117],[-68.24347897,44.252671617],[-68.238270637,44.237046617]]],[[[-68.885406054,44.330796617],[-68.90363522,44.319077867],[-68.916656054,44.3320987000001],[-68.916656054,44.3451195330001],[-68.91144772,44.365952867],[-68.8997289699999,44.377671617],[-68.88410397,44.3919945330001],[-68.8684789699999,44.3815778670001],[-68.8593643869999,44.358140367],[-68.8684789699999,44.3477237000001],[-68.885406054,44.330796617]]],[[[-68.4752498039999,44.3242862000001],[-68.484364387,44.313869533],[-68.49738522,44.3203799500001],[-68.5091039699999,44.322984117],[-68.522124804,44.322984117],[-68.529937304,44.330796617],[-68.529937304,44.3451195330001],[-68.52472897,44.3594424500001],[-68.519520637,44.3672549500001],[-68.5117081369999,44.3789737000001],[-68.502593554,44.3802757830001],[-68.496083137,44.3763695330001],[-68.492176887,44.364650783],[-68.48957272,44.3477237000001],[-68.486968554,44.334702867],[-68.4752498039999,44.3242862000001]]],[[[-68.43097897,44.3320987000001],[-68.441395637,44.3255882830001],[-68.443999804,44.3320987000001],[-68.4505102199999,44.3412132830001],[-68.451812304,44.352932033],[-68.441395637,44.362046617],[-68.4231664699999,44.373765367],[-68.4192602199999,44.3685570330001],[-68.416656054,44.3555362000001],[-68.425770637,44.3477237000001],[-68.43097897,44.3438174500001],[-68.43097897,44.3320987000001]]],[[[-68.1989233059999,44.30862051],[-68.240834114,44.2945417340001],[-68.283314582,44.292425848],[-68.306874153,44.3084170590001],[-68.31371009,44.3084170590001],[-68.3200984369999,44.284938869],[-68.3094376289999,44.270941473],[-68.2964981759999,44.2610944680001],[-68.2963354159999,44.2500674500001],[-68.3087865879999,44.2378604190001],[-68.326039192,44.2258975280001],[-68.341297981,44.223578192],[-68.3478490879999,44.240179755],[-68.352284309,44.238063869],[-68.363758918,44.2347272810001],[-68.3683569,44.232733466],[-68.3801163399999,44.246446031],[-68.4140518869999,44.2586123720001],[-68.423573371,44.274278062],[-68.408477343,44.278347072],[-68.405466275,44.2852643900001],[-68.412383593,44.2918561870001],[-68.427276171,44.2947858740001],[-68.43480384,44.299994208],[-68.433867968,44.3120384790001],[-68.428741015,44.3257103540001],[-68.410104947,44.360052802],[-68.401356575,44.3717715520001],[-68.3925675119999,44.3767357440001],[-68.3789363269999,44.3795026710001],[-68.367461718,44.3864199890001],[-68.3642878899999,44.395331122],[-68.375762499,44.404079494],[-68.354969856,44.423285223],[-68.315907356,44.436957098],[-68.2740372389999,44.4392764340001],[-68.244821744,44.424505927],[-68.241932746,44.4049746770001],[-68.1852921209999,44.3570010440001],[-68.1765437489999,44.3283145200001],[-68.1989233059999,44.30862051]]],[[[-67.566395637,44.46100495],[-67.5846248039999,44.4440778670001],[-67.593739387,44.4570987],[-67.605458137,44.483140367],[-67.6158748039999,44.5052757830001],[-67.6145727199999,44.514390367],[-67.600249804,44.518296617],[-67.5820206369999,44.514390367],[-67.578114387,44.490952867],[-67.566395637,44.479234117],[-67.566395637,44.46100495]]],[[[-67.276031054,44.6029320330001],[-67.3020727199999,44.596421617],[-67.32160397,44.6029320330001],[-67.318999804,44.612046617],[-67.303374804,44.6250674500001],[-67.283843554,44.619859117],[-67.2708227199999,44.6133487],[-67.276031054,44.6029320330001]]],[[[-66.98957272,44.8976097680001],[-67.0121150379999,44.899359442],[-67.017323371,44.9080264340001],[-67.045114713,44.9271507830001],[-67.045114713,44.944484768],[-67.0381567049999,44.9549014340001],[-67.029489713,44.944484768],[-67.003448046,44.925401109],[-66.986073371,44.9097761090001],[-66.98957272,44.8976097680001]]],[[[-66.9192602199999,44.8373070330001],[-66.93879147,44.838609117],[-66.955718554,44.846421617],[-66.9752498039999,44.8607445330001],[-66.9817602199999,44.8724632830001],[-66.95832272,44.877671617],[-66.9544164699999,44.889390367],[-66.9544164699999,44.8998070330001],[-66.9466039699999,44.9154320330001],[-66.940093554,44.9258487],[-66.933583137,44.9414737000001],[-66.921864387,44.947984117],[-66.904937304,44.955796617],[-66.904937304,44.946682033],[-66.90363522,44.9336612000001],[-66.89191647,44.92194245],[-66.893218554,44.9063174500001],[-66.901031054,44.889390367],[-66.916656054,44.877671617],[-66.93097897,44.869859117],[-66.920562304,44.850327867],[-66.9192602199999,44.8373070330001]]],[[[-66.9778539699999,44.936265367],[-66.9856664699999,44.9258487],[-67.00519772,44.947984117],[-67.014312304,44.963609117],[-67.0169164699999,44.979234117],[-67.00519772,44.9896507830001],[-66.98957272,45.001369533],[-66.97394772,45.018296617],[-66.9544164699999,45.0274112],[-66.93879147,45.0248070330001],[-66.940093554,45.0117862000001],[-66.9453018869999,45.0000674500001],[-66.947906054,44.9831403670001],[-66.963531054,44.9610049500001],[-66.9778539699999,44.936265367]]],[[[-67.786116089,45.6912173460001],[-67.7617764889999,45.680106913],[-67.7480305589999,45.677781474],[-67.740744181,45.6836209110001],[-67.735524862,45.690752258],[-67.727980103,45.6922508750001],[-67.7173864339999,45.6853779100001],[-67.7104617919999,45.6754043580001],[-67.7048290609999,45.6641905720001],[-67.690773071,45.6538036090001],[-67.660335653,45.637370504],[-67.6075223389999,45.6200589000001],[-67.551866821,45.610447083],[-67.506391562,45.609826966],[-67.4757991129999,45.612979228],[-67.449960897,45.6108088170001],[-67.431305705,45.597941386],[-67.4221073,45.5687958780001],[-67.4261897379999,45.533449199],[-67.443036255,45.522183736],[-67.467530884,45.508282776],[-67.4932140709999,45.493141581],[-67.482310344,45.4555211390001],[-67.428825237,45.387049866],[-67.43456132,45.3503079230001],[-67.459055949,45.3184235640001],[-67.4686677659999,45.301835429],[-67.475023967,45.282353414],[-67.4713032639999,45.266282044],[-67.4275850019999,45.2365680950001],[-67.3905329999999,45.193108216],[-67.356271526,45.165926412],[-67.319219523,45.153885804],[-67.2846479899999,45.1696987920001],[-67.2795836999999,45.1790522260001],[-67.2792219649999,45.1873721310001],[-67.277206584,45.19507192],[-67.267336385,45.202513326],[-67.2549857189999,45.205045472],[-67.242428345,45.2025650030001],[-67.2190705979999,45.192126363],[-67.2061662079999,45.189400586],[-67.176014778,45.178656317],[-67.191273567,45.180365302],[-67.2043757799999,45.1782087260001],[-67.210316536,45.171087958],[-67.203887499,45.157497463],[-67.199899869,45.1566022810001],[-67.179676887,45.157497463],[-67.172393358,45.1551374370001],[-67.168446418,45.1495222030001],[-67.165964322,45.1428490260001],[-67.159616666,45.1323509790001],[-67.154164192,45.119167385],[-67.152088996,45.1165632180001],[-67.145985481,45.115179755],[-67.1393936839999,45.111558335],[-67.1282039049999,45.1028913430001],[-67.113474088,45.086940822],[-67.100290494,45.069362697],[-67.111195442,45.0536563170001],[-67.1045222649999,45.0379499370001],[-67.090036588,45.0258649760001],[-67.0770157539999,45.020982164],[-67.071644661,45.0143903670001],[-67.05199134,44.983384507],[-67.04006914,44.973171291],[-67.052235481,44.9612897810001],[-67.0560196609999,44.94542064],[-67.062733528,44.931423244],[-67.083485481,44.925401109],[-67.0945124989999,44.9330508480001],[-67.105946418,44.9457868510001],[-67.117298957,44.9483503280001],[-67.1282039049999,44.925401109],[-67.1130671869999,44.9155541040001],[-67.112090624,44.904079494],[-67.121693489,44.89455801],[-67.138417121,44.89065176],[-67.151356575,44.8959414730001],[-67.18476315,44.9167748070001],[-67.1964819,44.9185651710001],[-67.2033992179999,44.904893296],[-67.1905411449999,44.8905703800001],[-67.172311978,44.8772240260001],[-67.1629532539999,44.8667259790001],[-67.148671028,44.8155378280001],[-67.145985481,44.8257103540001],[-67.143788215,44.8557396510001],[-67.1418350899999,44.86330801],[-67.130360481,44.864732164],[-67.1143692699999,44.846909898],[-67.100290494,44.8496361350001],[-67.107696093,44.857123114],[-67.0941055979999,44.86330801],[-67.097116666,44.8677839210001],[-67.102284309,44.877956447],[-67.107696093,44.8831647810001],[-67.0884903639999,44.888128973],[-67.074737108,44.870794989],[-67.067128059,44.844427802],[-67.066151496,44.822292385],[-67.043649869,44.833970445],[-67.0419815749999,44.8544375670001],[-67.0593155589999,44.8974470070001],[-67.043690559,44.894029039],[-67.0329483709999,44.8843854840001],[-67.012155728,44.857123114],[-67.0090632799999,44.856390692],[-66.9947403639999,44.857123114],[-66.991403775,44.8556582700001],[-66.9914444649999,44.8519147810001],[-66.992298957,44.8473981790001],[-66.9916886059999,44.843491929],[-66.979481575,44.818793036],[-66.977324999,44.8155378280001],[-66.984974739,44.80491771],[-67.0193985669999,44.7749291040001],[-67.032582161,44.7671166040001],[-67.042469856,44.766221421],[-67.063954231,44.768581447],[-67.0735977859999,44.7671166040001],[-67.074086067,44.763698635],[-67.082264778,44.7457136090001],[-67.0866186189999,44.7397728540001],[-67.0941055979999,44.747259833],[-67.1039932929999,44.7289899760001],[-67.113229947,44.716253973],[-67.1691788399999,44.670925197],[-67.177967903,44.6675886090001],[-67.1953425769999,44.6632754580001],[-67.203887499,44.6572533220001],[-67.201364713,44.653591213],[-67.1964819,44.6442324890001],[-67.2243953119999,44.6442324890001],[-67.232696093,44.6467552760001],[-67.248768684,44.655503648],[-67.2510880199999,44.6572533220001],[-67.2619929679999,44.6577009140001],[-67.269073046,44.654811916],[-67.269032356,44.6463483740001],[-67.258534309,44.629909572],[-67.2805476549999,44.631374416],[-67.2947891919999,44.639634507],[-67.3080541659999,44.649766343],[-67.3268529939999,44.6572533220001],[-67.3268529939999,44.664740302],[-67.310983853,44.682399807],[-67.314076301,44.7007103540001],[-67.3320206369999,44.709499416],[-67.3609513009999,44.6988386090001],[-67.347360806,44.692653713],[-67.3607885409999,44.685573635],[-67.3733210929999,44.6858991560001],[-67.3851212229999,44.691188869],[-67.3957413399999,44.6988386090001],[-67.3893936839999,44.682481187],[-67.3775528639999,44.670762437],[-67.371327278,44.6577009140001],[-67.382069465,44.6373965520001],[-67.3672175769999,44.627468166],[-67.370350715,44.622300523],[-67.3793839179999,44.62128327],[-67.382069465,44.6237653670001],[-67.398426887,44.611802476],[-67.4045304029999,44.6056989600001],[-67.4094132149999,44.5958112650001],[-67.4221492179999,44.614976304],[-67.4267472,44.639390367],[-67.4346817699999,44.6592064470001],[-67.4571427069999,44.664740302],[-67.4507950509999,44.647650458],[-67.451852994,44.6322695980001],[-67.45046953,44.619370835],[-67.436716275,44.6094831400001],[-67.45433509,44.6046003280001],[-67.4725235669999,44.6031354840001],[-67.489979621,44.604925848],[-67.5056046209999,44.6094831400001],[-67.4994604159999,44.6238060570001],[-67.5057266919999,44.6335716820001],[-67.5170385409999,44.6348737650001],[-67.526071744,44.6237653670001],[-67.532907681,44.6237653670001],[-67.539051887,44.646226304],[-67.554392056,44.6440697290001],[-67.593739387,44.616319078],[-67.573190884,44.617539781],[-67.5658666659999,44.6098086610001],[-67.5670873689999,44.579046942],[-67.569284634,44.571153062],[-67.573231575,44.5624860700001],[-67.5749812489999,44.553493557],[-67.570423957,44.544907945],[-67.569040494,44.538682359],[-67.577870246,44.5352643900001],[-67.589792447,44.533189195],[-67.597401496,44.530951239],[-67.603464322,44.5281029320001],[-67.6120906239999,44.526597398],[-67.621286588,44.5263939470001],[-67.6284480459999,44.5275332700001],[-67.6387019519999,44.5316836610001],[-67.6397598949999,44.5347761090001],[-67.638661262,44.5393334010001],[-67.639841275,44.547552802],[-67.640410937,44.5548770200001],[-67.643747525,44.5639102230001],[-67.648955858,44.568548895],[-67.659209765,44.5666771510001],[-67.6685684889999,44.561468817],[-67.6837052069999,44.5480410830001],[-67.714141405,44.5007591820001],[-67.728016731,44.503200588],[-67.740183072,44.510362046],[-67.748768684,44.521999416],[-67.7519832019999,44.538072007],[-67.740467903,44.5882429060001],[-67.744577603,44.5958112650001],[-67.755604621,44.5896263690001],[-67.7861221999999,44.5417748070001],[-67.7833145819999,44.537298895],[-67.7861221999999,44.5275332700001],[-67.7901505199999,44.531724351],[-67.800526496,44.541205145],[-67.796416796,44.5544701190001],[-67.785511848,44.5705834010001],[-67.779286262,44.58588288],[-67.782663541,44.60150788],[-67.790516731,44.5998802760001],[-67.799590624,44.588609117],[-67.806630012,44.575384833],[-67.817168749,44.5837669940001],[-67.828358528,44.5842552760001],[-67.8371475899999,44.577744859],[-67.845936653,44.551296291],[-67.8572891919999,44.546087958],[-67.8690079419999,44.5445417340001],[-67.8748673169999,44.5417748070001],[-67.8720597,44.530056057],[-67.8523249989999,44.5086530620001],[-67.847604947,44.4970970720001],[-67.8522843089999,44.482530015],[-67.8635554679999,44.479356187],[-67.8773087229999,44.482367255],[-67.889149543,44.4865583350001],[-67.8849991529999,44.4669050150001],[-67.8996069,44.42210521],[-67.902211067,44.397202867],[-67.9212540359999,44.411363023],[-67.923451301,44.4377709010001],[-67.9150284499999,44.466294664],[-67.902211067,44.4865583350001],[-67.917103645,44.4815534530001],[-67.928008593,44.468288479],[-67.93468177,44.451361395],[-67.937001106,44.435044664],[-67.934356249,44.416367906],[-67.937001106,44.408636786],[-67.947214322,44.41425202],[-67.953561978,44.4191348330001],[-67.959014452,44.422390041],[-67.962839322,44.4267438820001],[-67.964304166,44.435044664],[-67.967722134,44.5007591820001],[-67.9778946609999,44.4991315780001],[-67.982899543,44.494167385],[-67.984567838,44.486314195],[-67.984730598,44.476019598],[-67.9887589179999,44.466498114],[-67.998158332,44.466498114],[-68.015817838,44.4729271510001],[-68.0287979809999,44.4685326190001],[-68.015858528,44.4588483740001],[-67.984730598,44.4455834010001],[-67.984405077,44.4406598980001],[-67.9739884109999,44.4135195980001],[-67.9711401029999,44.4108340520001],[-67.972157356,44.4037539730001],[-67.9747208319999,44.3952904320001],[-67.9788712229999,44.3878848330001],[-67.984730598,44.383530992],[-67.994618293,44.383530992],[-67.997792121,44.3892682960001],[-67.999460416,44.395534572],[-68.0052384109999,44.397202867],[-68.0150040359999,44.393744208],[-68.015329556,44.3905703800001],[-68.014108853,44.3855248070001],[-68.019520637,44.376695054],[-68.0503230459999,44.340358791],[-68.060536262,44.3283145200001],[-68.072987434,44.338324286],[-68.0764054029999,44.349351304],[-68.073475715,44.362046617],[-68.066639778,44.376695054],[-68.082386848,44.372341213],[-68.088408983,44.3692487650001],[-68.0975235669999,44.385728257],[-68.107411262,44.4155541040001],[-68.1124161449999,44.44135163],[-68.1080216139999,44.463609117],[-68.111520963,44.4800886090001],[-68.139352994,44.4865583350001],[-68.143259244,44.489284572],[-68.143055793,44.494981187],[-68.143503384,44.50002676],[-68.1491999989999,44.5007591820001],[-68.1580704419999,44.496812242],[-68.1599421869999,44.4917259790001],[-68.159901496,44.4858666040001],[-68.162871874,44.4791120460001],[-68.1626277329999,44.473578192],[-68.1589249339999,44.466782945],[-68.158151822,44.46104564],[-68.1666153639999,44.458685614],[-68.181589322,44.4590925150001],[-68.187285937,44.462184963],[-68.189564582,44.4695091820001],[-68.1902156239999,44.497544664],[-68.1936335929999,44.520005601],[-68.202015754,44.5250918640001],[-68.217518684,44.5007591820001],[-68.21983802,44.4859479840001],[-68.219227668,44.472031968],[-68.222116666,44.466294664],[-68.2542618479999,44.4935163430001],[-68.259266731,44.5041771510001],[-68.258493619,44.520697333],[-68.2763565749999,44.520493882],[-68.2943009109999,44.527777411],[-68.308135546,44.5290388040001],[-68.31371009,44.510484117],[-68.2815242179999,44.4993757180001],[-68.269805468,44.486070054],[-68.2864070299999,44.466091213],[-68.2814428379999,44.4626732440001],[-68.2783097,44.459011135],[-68.275827603,44.4553083350001],[-68.2727351549999,44.451849677],[-68.317087369,44.451198635],[-68.3376358709999,44.455104885],[-68.354685025,44.466091213],[-68.3619278639999,44.445827541],[-68.3864639959999,44.424343166],[-68.382598437,44.4108340520001],[-68.4092911449999,44.404649156],[-68.4229630199999,44.4051374370001],[-68.426706509,44.417222398],[-68.423329231,44.4709740260001],[-68.431874153,44.4865990260001],[-68.449940559,44.4936791040001],[-68.478220181,44.493394273],[-68.459828254,44.4621035830001],[-68.457753059,44.448716539],[-68.459502733,44.4428978540001],[-68.4628393219999,44.438666083],[-68.4644669259999,44.434271552],[-68.461130338,44.428208726],[-68.456044075,44.424343166],[-68.451893684,44.422308661],[-68.449696418,44.4187279320001],[-68.4503067699999,44.4108340520001],[-68.4551895819999,44.401800848],[-68.464792447,44.389837958],[-68.4740697909999,44.382432359],[-68.478220181,44.387233791],[-68.4781388009999,44.4108340520001],[-68.480091926,44.4216169290001],[-68.485056119,44.4319115260001],[-68.5044246079999,44.413356838],[-68.5259903639999,44.405625718],[-68.5494278639999,44.405747789],[-68.574411588,44.4108340520001],[-68.5630183579999,44.4005801450001],[-68.551503059,44.3772240260001],[-68.5430802069999,44.366156317],[-68.5417781239999,44.356919664],[-68.556141731,44.330023505],[-68.560170051,44.318345445],[-68.5558569,44.3061791040001],[-68.545928515,44.3024356140001],[-68.5345352859999,44.3006452490001],[-68.5259903639999,44.2947858740001],[-68.5208634109999,44.280015367],[-68.523182746,44.26955801],[-68.532012499,44.266628322],[-68.546498176,44.274278062],[-68.541005012,44.263698635],[-68.533640103,44.256374416],[-68.524362759,44.2509219420001],[-68.5129288399999,44.2463646510001],[-68.541371223,44.237331447],[-68.633493619,44.2962507180001],[-68.666940884,44.2982038430001],[-68.683705207,44.2944603540001],[-68.70413164,44.3051211610001],[-68.7320450509999,44.3283145200001],[-68.756214973,44.334458726],[-68.7917781239999,44.31639232],[-68.820790168,44.3146426450001],[-68.8117976549999,44.35158926],[-68.803944465,44.3692487650001],[-68.789784309,44.376695054],[-68.780262825,44.3745384790001],[-68.7708634109999,44.365179755],[-68.76280677,44.363063869],[-68.7532852859999,44.3675397810001],[-68.7542618479999,44.3778750670001],[-68.7604467439999,44.3893496770001],[-68.7662247389999,44.397202867],[-68.7532039049999,44.4049746770001],[-68.7419734369999,44.41425202],[-68.735300259,44.4146589210001],[-68.714792447,44.405300197],[-68.704782681,44.404038804],[-68.6993302069999,44.4096947290001],[-68.717396614,44.4315860050001],[-68.7183731759999,44.4455834010001],[-68.756214973,44.430894273],[-68.7662247389999,44.424505927],[-68.784413215,44.402777411],[-68.795847134,44.392564195],[-68.807118293,44.3909772810001],[-68.816192187,44.4020856790001],[-68.814401822,44.41799551],[-68.8072403639999,44.434108791],[-68.800323046,44.4455834010001],[-68.796579556,44.448513088],[-68.784657356,44.453843492],[-68.779245572,44.458685614],[-68.7766414049999,44.4649518900001],[-68.774932421,44.480210679],[-68.7729792959999,44.4865583350001],[-68.742624478,44.537298895],[-68.746205207,44.5548770200001],[-68.779245572,44.561712958],[-68.795847134,44.561997789],[-68.8016251289999,44.560288804],[-68.807118293,44.534369208],[-68.827626106,44.4791120460001],[-68.82140052,44.478461005],[-68.807118293,44.4729271510001],[-68.824696418,44.46104564],[-68.845244921,44.4538028020001],[-68.857126431,44.456081447],[-68.8481339179999,44.4729271510001],[-68.862741666,44.4753685570001],[-68.8796280589999,44.4685326190001],[-68.906483528,44.448716539],[-68.9194229809999,44.44139232],[-68.965443489,44.4319115260001],[-68.986602343,44.421169338],[-68.9822891919999,44.4136009790001],[-68.971913215,44.4057884790001],[-68.975087043,44.3940697290001],[-68.972767707,44.383815822],[-68.9445694649999,44.348822333],[-68.937489387,44.33197663],[-68.945546028,44.3171654320001],[-68.964100715,44.3078067080001],[-68.9846085279999,44.3012149110001],[-68.998972134,44.2947858740001],[-69.021595832,44.2477888040001],[-69.0362442699999,44.2326113950001],[-69.0535782539999,44.1849225930001],[-69.067901171,44.1589623070001],[-69.077748176,44.1449649110001],[-69.0883276029999,44.136501369],[-69.0883276029999,44.130316473],[-69.082875129,44.115261135],[-69.0895483059999,44.0980899110001],[-69.08690345,44.0866966820001],[-69.0535782539999,44.0893008480001],[-69.065215624,44.067613023],[-69.0757950509999,44.052516994],[-69.091501431,44.0438093120001],[-69.1187638009999,44.0408796240001],[-69.12621009,44.031032619],[-69.130645312,44.01174551],[-69.1420385409999,43.9987246770001],[-69.170277473,44.0074323590001],[-69.171823697,43.997178453],[-69.1758927069999,43.991400458],[-69.1824845039999,43.990016994],[-69.191395637,43.993109442],[-69.1995743479999,43.981878973],[-69.203643358,43.9703229840001],[-69.201649543,43.959987697],[-69.191395637,43.952175197],[-69.2270401679999,43.9352481140001],[-69.2385147779999,43.931667385],[-69.258005338,43.9280052760001],[-69.2634171209999,43.92991771],[-69.2596329419999,43.955267645],[-69.229237434,43.9909935570001],[-69.2194718089999,44.0084903020001],[-69.2385147779999,44.0074323590001],[-69.298858202,43.950384833],[-69.310536262,43.9416364600001],[-69.3137507799999,43.954331773],[-69.303171353,43.981227932],[-69.313954231,43.986273505],[-69.328317838,43.9833845070001],[-69.353301562,43.972438869],[-69.369496223,43.97264232],[-69.353260871,43.9946556660001],[-69.3471573559999,44.00775788],[-69.351796028,44.013617255],[-69.369414843,44.01585521],[-69.3701472649999,44.021511135],[-69.351796028,44.037543036],[-69.3472794259999,44.05076732],[-69.354196744,44.0604922550001],[-69.36428789,44.060532945],[-69.369496223,44.0446638040001],[-69.3765763009999,44.0367292340001],[-69.3909805979999,44.0319278020001],[-69.4022110669999,44.026597398],[-69.3948868479999,44.002427476],[-69.407704231,43.994330145],[-69.424265103,43.991644598],[-69.430368619,43.993109442],[-69.440907356,43.9813906920001],[-69.447783983,43.9675560570001],[-69.4787898429999,43.880316473],[-69.494130012,43.851100979],[-69.51292884,43.834906317],[-69.514352994,43.8556582700001],[-69.521677213,43.870347398],[-69.5298966139999,43.8830020200001],[-69.5339656239999,43.8975690780001],[-69.5402319,43.8975690780001],[-69.545440233,43.883286851],[-69.5475968089999,43.867865302],[-69.5476374989999,43.834906317],[-69.5612686839999,43.8491071640001],[-69.5538223949999,43.8565534530001],[-69.569081184,43.868394273],[-69.570505338,43.8779157570001],[-69.565419075,43.8869896510001],[-69.5612686839999,43.8975690780001],[-69.5598038399999,43.9040794940001],[-69.5549210279999,43.915798244],[-69.5538223949999,43.920843817],[-69.556019661,43.927679755],[-69.565378384,43.934271552],[-69.5674942699999,43.9416364600001],[-69.5588679679999,43.964585679],[-69.529042121,44.004380601],[-69.5339656239999,44.0210228540001],[-69.5448705719999,44.01194896],[-69.5540665359999,43.998561916],[-69.5674942699999,43.97264232],[-69.580555793,43.95701732],[-69.585804817,43.948472398],[-69.584584114,43.9416364600001],[-69.581817187,43.934556382],[-69.584217903,43.92576732],[-69.589304166,43.917344468],[-69.59475664,43.911159572],[-69.589344856,43.904811916],[-69.5875138009999,43.8972435570001],[-69.589304166,43.8896345070001],[-69.59475664,43.8832461610001],[-69.584828254,43.8707136090001],[-69.577910937,43.8556582700001],[-69.576039192,43.8389753280001],[-69.581166145,43.8218041040001],[-69.592396614,43.807725328],[-69.596140103,43.815904039],[-69.59475664,43.8491071640001],[-69.6098933579999,43.839585679],[-69.624460416,43.838405666],[-69.639637825,43.844468492],[-69.656931119,43.8565534530001],[-69.668894009,43.8670514990001],[-69.6701147129999,43.873561916],[-69.64940345,43.8975690780001],[-69.6537979809999,43.904974677],[-69.655018684,43.9105085310001],[-69.65343177,43.916205145],[-69.64940345,43.9242617860001],[-69.6424454419999,43.921250718],[-69.629343228,43.919216213],[-69.622792121,43.9174258480001],[-69.6312149729999,43.929225979],[-69.6426895819999,43.9334577490001],[-69.6526179679999,43.9389916040001],[-69.656931119,43.955267645],[-69.653675911,43.9677595070001],[-69.636423306,44.003688869],[-69.6301163399999,44.00804271],[-69.619170702,44.017523505],[-69.6151016919999,44.025905666],[-69.629587369,44.02728913],[-69.643177864,44.020982164],[-69.656971809,44.0092227230001],[-69.749704556,43.9006615260001],[-69.759226041,43.886419989],[-69.7526749339999,43.87913646],[-69.7402644519999,43.8748639990001],[-69.731963671,43.869574286],[-69.729725715,43.855943101],[-69.7326554029999,43.841905015],[-69.7462865879999,43.814398505],[-69.735869921,43.8205834010001],[-69.7224014959999,43.844224351],[-69.71214759,43.8491071640001],[-69.704701301,43.842027085],[-69.707264778,43.8269310570001],[-69.730742968,43.775905666],[-69.744984504,43.7587751320001],[-69.758005338,43.759507554],[-69.7667944,43.787624416],[-69.766224739,43.7948672550001],[-69.763620572,43.7989362650001],[-69.760690884,43.8016218120001],[-69.759266731,43.8044294290001],[-69.761463996,43.811550197],[-69.7663061189999,43.813666083],[-69.771188931,43.813666083],[-69.773548957,43.814398505],[-69.7803848949999,43.862779039],[-69.783640103,43.873480536],[-69.790720181,43.88670482],[-69.7940567699999,43.8975690780001],[-69.7952774729999,43.9104271510001],[-69.794870572,43.9221459010001],[-69.795684374,43.9334577490001],[-69.800892707,43.9446882180001],[-69.803374804,43.9649112000001],[-69.807281054,43.983140367],[-69.804676887,43.9974632830001],[-69.80207272,44.014390367],[-69.7903539699999,44.028713283],[-69.7812393869999,44.0365257830001],[-69.77082272,44.045640367],[-69.768218554,44.0534528670001],[-69.768218554,44.0586612000001],[-69.77472897,44.059963283],[-69.7825414699999,44.057359117],[-69.7890518869999,44.049546617],[-69.799468554,44.044338283],[-69.8176977199999,44.0365257830001],[-69.84504147,44.010484117],[-69.86457272,43.9974632830001],[-69.874989387,43.987046617],[-69.8828018869999,43.9766299500001],[-69.8828018869999,43.963609117],[-69.87238522,43.9584007830001],[-69.854156054,43.9584007830001],[-69.84113522,43.9662132830001],[-69.832020637,43.974025783],[-69.82551022,43.9701195330001],[-69.8216039699999,43.9610049500001],[-69.8150935539999,43.9336612000001],[-69.802235481,43.8605410830001],[-69.800892707,43.825181382],[-69.791940884,43.791001695],[-69.7825007799999,43.772935289],[-69.7803848949999,43.763454494],[-69.787302213,43.737534898],[-69.7906388009999,43.7330996770001],[-69.803171353,43.7296817080001],[-69.8142390619999,43.721177476],[-69.8228653639999,43.709947007],[-69.828155077,43.698268947],[-69.839304166,43.7092552760001],[-69.841826952,43.740261135],[-69.852080858,43.7466901710001],[-69.857899543,43.7542585310001],[-69.858387825,43.770778713],[-69.855498827,43.793890692],[-69.851796028,43.80080801],[-69.8470352859999,43.803737697],[-69.843006965,43.8078067080001],[-69.8412572909999,43.818060614],[-69.844593879,43.8267682960001],[-69.859608528,43.8365339210001],[-69.862985806,43.845729885],[-69.8602188789999,43.8562279320001],[-69.856190559,43.8620873070001],[-69.857126431,43.865708726],[-69.869130012,43.869574286],[-69.8792618479999,43.870550848],[-69.888539192,43.868353583],[-69.8968399729999,43.8635521510001],[-69.9039200509999,43.8565534530001],[-69.8917130199999,43.851345119],[-69.8813370429999,43.8440209010001],[-69.8753555979999,43.832302151],[-69.87600664,43.814398505],[-69.883005338,43.800563869],[-69.894764778,43.7893334010001],[-69.9056290359999,43.7872988950001],[-69.9101456369999,43.801296291],[-69.951120572,43.7603620460001],[-69.95820065,43.7563337260001],[-69.9652807279999,43.754624742],[-69.970692512,43.7514916040001],[-69.974354621,43.7349714210001],[-69.978505012,43.729437567],[-69.984852668,43.726345119],[-69.9926651679999,43.725612697],[-69.926299608,43.828558661],[-69.93065345,43.8491071640001],[-69.942128059,43.8414981140001],[-69.9583634109999,43.8218041040001],[-69.9727677069999,43.799505927],[-69.9789932929999,43.783962307],[-69.9829402329999,43.7674421240001],[-69.99343828,43.7518171240001],[-70.00890052,43.741237697],[-70.027455207,43.739935614],[-70.009470181,43.766872463],[-69.9626358709999,43.821030992],[-69.951120572,43.8491071640001],[-69.973093228,43.847113348],[-70.006377733,43.827093817],[-70.020008918,43.828640041],[-70.0108536449999,43.833278713],[-70.000681119,43.840847072],[-69.9916886059999,43.850856838],[-69.985829231,43.862779039],[-69.9993790359999,43.861517645],[-70.0117488269999,43.8556582700001],[-70.022328254,43.8471947290001],[-70.039580858,43.830064195],[-70.050038215,43.823960679],[-70.074655728,43.814398505],[-70.0880020819999,43.811061916],[-70.0989070299999,43.8099225930001],[-70.108835416,43.8067487650001],[-70.160878059,43.766546942],[-70.182606575,43.757066148],[-70.208688931,43.715277411],[-70.2391251289999,43.700059312],[-70.238474088,43.6870384790001],[-70.233754036,43.673041083],[-70.2322891919999,43.6641706400001],[-70.2429499989999,43.6539167340001],[-70.2567032539999,43.6501325540001],[-70.2868546209999,43.6504987650001],[-70.2868546209999,43.643052476],[-70.257761197,43.6404889990001],[-70.23155677,43.6415469420001],[-70.210886197,43.6350365260001],[-70.1981095039999,43.6095645200001],[-70.1982315749999,43.598659572],[-70.2028702459999,43.567613023],[-70.204945442,43.5611432960001],[-70.220244921,43.559068101],[-70.245838996,43.549790757],[-70.260202603,43.5474714210001],[-70.2558894519999,43.554388739],[-70.252715624,43.5611432960001],[-70.271514452,43.5569115260001],[-70.292591926,43.534531968],[-70.3079727859999,43.5269636090001],[-70.3105362619999,43.5483666040001],[-70.3254288399999,43.5495466170001],[-70.343739387,43.5394961610001],[-70.3564347,43.5269636090001],[-70.367380338,43.505316473],[-70.3707169259999,43.486354885],[-70.36839759,43.467230536],[-70.362578905,43.4450544290001],[-70.3432104159999,43.4542910830001],[-70.332793749,43.457546291],[-70.321644661,43.458726304],[-70.321644661,43.4525007180001],[-70.3352351549999,43.447292385],[-70.3469132149999,43.439439195],[-70.366403775,43.4208438170001],[-70.3694962229999,43.415513414],[-70.373524543,43.4018822290001],[-70.37625078,43.3972435570001],[-70.382435676,43.3937442080001],[-70.395049608,43.392604885],[-70.40355384,43.3898379580001],[-70.422596809,43.376898505],[-70.437692838,43.362982489],[-70.4544571609999,43.3506126970001],[-70.478708463,43.3426374370001],[-70.508737759,43.3414981140001],[-70.5195206369999,43.3395449890001],[-70.5305069649999,43.331773179],[-70.561879036,43.3010521510001],[-70.570546028,43.298488674],[-70.581654426,43.274888414],[-70.58311927,43.250881252],[-70.568918424,43.2289899760001],[-70.5836075509999,43.213934637],[-70.596791145,43.19546133],[-70.5825902989999,43.1886253930001],[-70.599517382,43.1822370460001],[-70.611724413,43.1730003930001],[-70.6309708319999,43.1470807960001],[-70.660145637,43.094142971],[-70.671945767,43.0855980490001],[-70.6871231759999,43.0921491560001],[-70.70030677,43.1084658870001],[-70.7146703769999,43.1219343120001],[-70.7333878249999,43.1204287780001],[-70.731271939,43.1146507830001],[-70.742339648,43.0879580750001],[-70.744089322,43.0838076840001],[-70.771942181,43.1074503770001],[-70.806414838,43.136698424],[-70.82511601,43.1614542830001],[-70.82589726,43.1674845570001],[-70.824627728,43.178617369],[-70.8145691349999,43.2088663930001],[-70.813250775,43.2167521350001],[-70.8135925719999,43.225590025],[-70.817059369,43.2398966660001],[-70.821942181,43.2470744],[-70.8279968689999,43.2522990100001],[-70.866668744,43.27104901],[-70.8974792909999,43.3048380720001],[-70.929754681,43.3402384630001],[-70.960711713,43.3666300640001],[-70.9674255799999,43.3748087750001],[-70.972625775,43.3831095570001],[-70.976849408,43.3945109240001],[-70.9779480409999,43.4022013530001],[-70.977777142,43.409110533],[-70.976409955,43.4150187360001],[-70.966571088,43.4396036970001],[-70.963592572,43.450663268],[-70.964788861,43.4673624860001],[-70.967742963,43.4819376820001],[-70.967596478,43.4906535020001],[-70.966571088,43.4969279160001],[-70.964666791,43.5017863140001],[-70.962176556,43.516044127],[-70.962371869,43.5311076030001],[-70.9578308529999,43.562211119],[-70.9600037049999,43.592240416],[-70.9639099549999,43.645756041],[-70.967791791,43.6992960800001],[-70.9717468689999,43.752787291],[-70.975604291,43.8062540890001],[-70.979510541,43.859794127],[-70.983441205,43.9132853380001],[-70.9873230409999,43.966776549],[-70.9912292909999,44.0203410020001],[-70.995184369,44.0738810410001],[-70.999041791,44.127347839],[-71.002948041,44.1808634630001],[-71.006878705,44.2344035020001],[-71.010760541,44.2879435410001],[-71.014666791,44.341434752],[-71.018573041,44.394925963],[-71.0224792909999,44.448441589],[-71.026385541,44.5019816280001],[-71.030291791,44.555472838],[-71.034198041,44.608988463],[-71.038104291,44.662504088],[-71.042010541,44.716019713],[-71.045916791,44.769535338],[-71.0498230409999,44.8230509630001],[-71.0537292909999,44.8765910020001],[-71.0576355409999,44.9301310410001],[-71.061517377,44.983597838],[-71.065448041,45.037089049],[-71.069329877,45.090629088],[-71.073260541,45.1441691280001],[-71.077166791,45.1976603380001],[-71.0810730409999,45.251127135],[-71.084951961,45.304292578],[-71.064210572,45.3070547490001],[-71.054417888,45.31036204],[-71.036667034,45.3233845010001],[-71.0275978189999,45.334649963],[-71.016539063,45.343124898],[-70.9931554779999,45.3478274540001],[-70.9681182459999,45.344520162],[-70.9516076259999,45.332014466],[-70.9069075119999,45.246231588],[-70.8924122729999,45.2346043900001],[-70.8743513599999,45.2456631480001],[-70.870604818,45.2552749640001],[-70.8724910079999,45.274188538],[-70.8702430829999,45.2831285610001],[-70.862620809,45.290363261],[-70.8423894859999,45.3012153120001],[-70.835258138,45.309793599],[-70.8320800379999,45.3285521440001],[-70.8354648449999,45.3730972290001],[-70.833837037,45.393096008],[-70.825982218,45.4104592900001],[-70.8129855959999,45.4234300740001],[-70.794873007,45.4304063920001],[-70.771876994,45.430044658],[-70.752550008,45.4223448700001],[-70.718004314,45.397281799],[-70.696739462,45.388651836],[-70.675784668,45.3887035120001],[-70.6535896409999,45.395473124],[-70.641316488,45.408495585],[-70.650256511,45.4274608360001],[-70.668162395,45.439036357],[-70.707384807,45.456399638],[-70.7228360599999,45.4709207160001],[-70.732008627,45.491591289],[-70.7303291429999,45.507972717],[-70.686791749,45.572723287],[-70.589614217,45.651788229],[-70.572405966,45.662278544],[-70.514735067,45.681708883],[-70.484762736,45.6996406050001],[-70.472799642,45.7035680140001],[-70.4504237469999,45.7037230440001],[-70.439132447,45.705893453],[-70.4193145349999,45.7169005330001],[-70.4073514409999,45.7315249640001],[-70.40244218,45.7496633910001],[-70.403940796,45.771160787],[-70.408281617,45.7816511030001],[-70.413681804,45.787697246],[-70.4171699629999,45.7937950650001],[-70.415232097,45.8043887330001],[-70.409935263,45.8107449350001],[-70.389807292,45.8250593060001],[-70.312654379,45.8676406860001],[-70.2831729739999,45.8904816690001],[-70.262528239,45.923037821],[-70.2559394939999,45.9488760380001],[-70.263148356,45.9568342080001],[-70.2804341239999,45.9593146770001],[-70.3039469,45.9686164350001],[-70.3162975669999,45.982982483],[-70.316891846,45.9990021770001],[-70.3061431479999,46.035330709],[-70.3036368409999,46.0384829710001],[-70.294309245,46.044942526],[-70.2920096439999,46.048663229],[-70.293017334,46.054037578],[-70.296092082,46.0578616340001],[-70.3007946369999,46.061737366],[-70.304773723,46.065974834],[-70.3113624679999,46.071865947],[-70.312628541,46.0795657350001],[-70.30032955,46.0892809050001],[-70.2644402669999,46.10659251],[-70.2494799399999,46.120596823],[-70.2440022389999,46.1410090130001],[-70.249247396,46.162764791],[-70.2633292239999,46.183228659],[-70.2848007819999,46.191858622],[-70.280899211,46.2118574010001],[-70.253407349,46.2514932260001],[-70.2361732589999,46.288338522],[-70.2236934009999,46.3007925420001],[-70.2018859459999,46.3054950970001],[-70.19950883,46.3152619430001],[-70.197028361,46.3368626920001],[-70.188398397,46.358411764],[-70.167417765,46.36817861],[-70.153051717,46.3728294880001],[-70.0743226729999,46.419544983],[-70.061816977,46.4454090370001],[-70.050086426,46.5112706510001],[-70.032723145,46.60976593],[-70.0236280929999,46.661287334],[-70.007763428,46.7040754190001],[-69.970900748,46.8329535130001],[-69.9043504239999,46.9596344360001],[-69.7997713439999,47.105432916],[-69.666670696,47.2637383570001],[-69.52406286,47.4087051390001],[-69.295890321,47.5885525740001],[-69.0677177829999,47.742217321],[-68.844298839,47.857169078],[-68.6446478679999,47.9272921830001],[-68.383200167,47.9877766400001],[-68.1134596419999,47.9975357120001],[-67.843476711,47.9975393460001],[-67.844088074,47.9912634240001],[-67.8135562749999,47.081907654],[-67.8086986899999,47.075138042],[-67.8051846929999,47.0356314090001],[-67.802549195,46.901246847],[-67.80001705,46.7667847700001],[-67.7974332279999,46.6322968550001],[-67.794849407,46.497860616],[-67.7923172609999,46.3634760540001],[-67.78973344,46.2290139780001],[-67.7871496179999,46.0945519000001],[-67.784565797,45.9601415000001],[-67.7827571209999,45.950529684],[-67.7765559499999,45.942933248],[-67.767460897,45.93595693],[-67.759657756,45.9285672],[-67.757849081,45.9194721480001],[-67.7694246019999,45.9039692180001],[-67.787356324,45.8900165810001],[-67.7992419029999,45.875650534],[-67.7926273189999,45.8589073700001],[-67.776090862,45.8408206180001],[-67.772835246,45.82805654],[-67.779863241,45.8157058720001],[-67.794125936,45.7991694130001],[-67.806269898,45.7817544560001],[-67.8111274829999,45.766509908],[-67.807045044,45.712869772],[-67.8001204019999,45.6998473110001],[-67.786116089,45.6912173460001]]]]},"properties":{"NAME":"Massachusetts","NAME_LONG":"Massachusetts (District of Maine)","ABBREV":"Mass."}},{"type":"Feature","geometry":{"type":"MultiPolygon","coordinates":[[[[-81.4382218089999,30.696030992],[-81.437611457,30.69135163],[-81.434071418,30.689195054],[-81.4285782539999,30.6817080750001],[-81.430531379,30.664740302],[-81.437814908,30.6377627620001],[-81.441517707,30.5530459660001],[-81.437814908,30.524115302],[-81.453846809,30.5344912780001],[-81.46190345,30.5485293640001],[-81.4647110669999,30.566839911],[-81.465077278,30.5899112],[-81.4669490229999,30.6000023460001],[-81.472035286,30.6100528020001],[-81.479644335,30.617865302],[-81.489003059,30.6209984400001],[-81.497954882,30.617661851],[-81.499989387,30.60936107],[-81.499256965,30.586818752],[-81.501535611,30.5692813170001],[-81.500314908,30.551255601],[-81.492583788,30.537258205],[-81.4756567049999,30.5315615910001],[-81.474924283,30.5276553410001],[-81.447743293,30.50800202],[-81.441639778,30.50014883],[-81.435129361,30.484849351],[-81.430287239,30.4769961610001],[-81.4244685539999,30.4715843770001],[-81.4195450509999,30.469305731],[-81.4149470689999,30.4657250020001],[-81.4098201159999,30.456488348],[-81.406361457,30.4435895850001],[-81.4098201159999,30.4114444030001],[-81.406605598,30.4058291690001],[-81.4036310839999,30.4035940200001],[-81.417118779,30.4005793710001],[-81.4304288429999,30.394019125],[-81.438509954,30.3858181980001],[-81.4453257209999,30.3821243030001],[-81.453454368,30.3812631330001],[-81.4579996919999,30.3813073950001],[-81.4641793649999,30.3886886010001],[-81.469077849,30.3927584410001],[-81.4750198419999,30.395423629],[-81.483576312,30.3952186170001],[-81.4933211809999,30.3909132690001],[-81.5023530109999,30.389068062],[-81.5085326839999,30.394193551],[-81.5071066049999,30.403008764],[-81.50306605,30.4097733880001],[-81.484051672,30.419612004],[-81.4762082409999,30.4241210380001],[-81.4705325349999,30.4536779300001],[-81.483559035,30.4774075060001],[-81.48547775,30.4841532990001],[-81.486903828,30.4898882340001],[-81.487616868,30.497466022],[-81.4923704619999,30.5015618780001],[-81.498074776,30.5058623420001],[-81.499263174,30.5124150630001],[-81.4975994159999,30.517329314],[-81.497124057,30.52101484],[-81.499500854,30.5259286560001],[-81.5023530109999,30.5306374970001],[-81.501402292,30.534731955],[-81.501402292,30.540463908],[-81.50330373,30.545172044],[-81.5078196439999,30.5464002160001],[-81.516851474,30.5457861320001],[-81.522793467,30.542510952],[-81.5313499369999,30.5300233130001],[-81.540619447,30.5249049650001],[-81.5456107209999,30.5247002250001],[-81.550601995,30.5341177980001],[-81.5527411129999,30.543329757],[-81.557257028,30.54537674],[-81.567714936,30.54128273],[-81.574369968,30.5386215310001],[-81.583639478,30.544148556],[-81.58664013,30.549704404],[-81.582688759,30.552336161],[-81.538480329,30.5580670740001],[-81.529686179,30.5648209300001],[-81.510475127,30.614349978],[-81.522301338,30.6520896610001],[-81.5235065059999,30.653600596],[-81.519465951,30.6615745060001],[-81.5149500359999,30.6644367750001],[-81.486666149,30.67670268],[-81.4831009529999,30.676907099],[-81.481674874,30.679768913],[-81.484051672,30.6865142830001],[-81.490706704,30.689375813],[-81.494747259,30.6957117550001],[-81.493037351,30.702144254],[-81.4756567049999,30.696030992],[-81.469349739,30.697170315],[-81.4556371739999,30.7018089860001],[-81.447743293,30.702866929],[-81.440256314,30.700751044],[-81.4382218089999,30.696030992]]],[[[-81.45421302,30.734849351],[-81.461659309,30.725816148],[-81.469146288,30.7293154970001],[-81.478749153,30.8059756530001],[-81.478016731,30.831691799],[-81.478749153,30.8400739600001],[-81.48159746,30.848863023],[-81.490467903,30.8681094420001],[-81.492421028,30.8742129580001],[-81.482167121,30.9043643250001],[-81.432687955,30.9387881530001],[-81.424143033,30.970404364],[-81.417307095,30.970404364],[-81.4170629549999,30.949896552],[-81.4194229809999,30.925279039],[-81.4282934239999,30.892564195],[-81.4319555329999,30.8631045590001],[-81.441558398,30.827378648],[-81.4570206369999,30.799750067],[-81.4571427069999,30.784572658],[-81.4507950509999,30.7544619810001],[-81.45421302,30.734849351]]],[[[-81.2617183659999,31.3877924730001],[-81.279610538,31.385481299],[-81.2912101829999,31.3952170860001],[-81.300320439,31.4115163970001],[-81.289076366,31.439955905],[-81.2713674339999,31.461903003],[-81.257555472,31.4903560900001],[-81.251289384,31.504578069],[-81.234850876,31.5265011020001],[-81.2207805849999,31.527681633],[-81.2029087939999,31.5343340640001],[-81.1849633499999,31.53008536],[-81.174650258,31.521421082],[-81.186007988,31.5028122520001],[-81.1986311439999,31.4831023180001],[-81.213714905,31.453559403],[-81.235289852,31.433784704],[-81.2617183659999,31.3877924730001]]],[[[-81.1496012649999,31.587015093],[-81.160959924,31.56731375],[-81.175071154,31.5705027610001],[-81.1700902,31.5868969200001],[-81.167639603,31.6000026800001],[-81.177992498,31.6119439520001],[-81.17948453,31.635942425],[-81.17193918,31.6523579920001],[-81.160554924,31.669889304],[-81.1492580509999,31.698338704],[-81.1364345319999,31.698409526],[-81.131259534,31.6929782980001],[-81.1337157169999,31.679863862],[-81.1335266259999,31.6569412750001],[-81.12816895,31.6285961550001],[-81.1382831129999,31.6121724220001],[-81.1496012649999,31.587015093]]],[[[-83.2326111269999,34.622635924],[-83.199090619,34.6089640490001],[-83.1753601499999,34.6146036970001],[-83.168304486,34.6131388530001],[-83.1664246029999,34.5996622910001],[-83.1589539,34.5872355330001],[-83.121722455,34.569877135],[-83.100604291,34.54629315],[-83.079510541,34.5351115100001],[-83.0633728459999,34.511527525],[-83.0472351499999,34.4966349470001],[-83.0149597599999,34.481717955],[-82.967767377,34.482963072],[-82.899505658,34.482963072],[-82.857293744,34.460648619],[-82.8461121029999,34.4345744],[-82.841180463,34.4072550640001],[-82.827508588,34.3749796740001],[-82.818475385,34.366092955],[-82.761419721,34.2927775250001],[-82.753436322,34.2700724470001],[-82.734442181,34.184720885],[-82.7289246029999,34.170780455],[-82.7220886659999,34.1665079940001],[-82.7057312439999,34.1477335800001],[-82.682098431,34.1395792830001],[-82.6693542909999,34.1301798700001],[-82.658123822,34.1187540880001],[-82.650433392,34.1087199080001],[-82.639520306,34.080863463],[-82.6313415959999,34.06689862],[-82.6077820249999,34.056376158],[-82.5993835879999,34.045414244],[-82.58917851,34.0174601430001],[-82.577972455,33.9939005720001],[-82.570526166,33.967801939],[-82.5581238219999,33.956644713],[-82.541986127,33.951664244],[-82.5221130799999,33.951664244],[-82.5059997989999,33.9380411970001],[-82.4885925719999,33.9168986190001],[-82.465008588,33.8945841660001],[-82.434002728,33.877176939],[-82.401702924,33.8647501820001],[-82.363250775,33.843656432],[-82.321038861,33.815116393],[-82.272625775,33.7778849470001],[-82.245306439,33.750541197],[-82.232879681,33.705863463],[-82.2167664,33.68601483],[-82.208270306,33.6636759630001],[-82.193890424,33.6346476430001],[-82.1739929629999,33.616459166],[-82.1505310489999,33.602958189],[-82.1290466739999,33.5947794780001],[-82.081512494,33.5828654160001],[-82.061785931,33.574686705],[-82.0409363219999,33.560013853],[-81.998748822,33.515433775],[-81.978216596,33.499198424],[-81.9380554629999,33.4760783080001],[-81.923944135,33.4585734240001],[-81.9310486269999,33.4371378770001],[-81.925921674,33.4319865100001],[-81.917401166,33.416605651],[-81.933221478,33.414457213],[-81.9358581969999,33.406962096],[-81.923602338,33.382523619],[-81.93786015,33.376175963],[-81.930975385,33.361234557],[-81.888494916,33.318558775],[-81.880120892,33.312382018],[-81.8764099549999,33.3173136580001],[-81.8715271419999,33.3218302600001],[-81.860467572,33.320609557],[-81.848724408,33.3167765490001],[-81.841668744,33.313602721],[-81.841668744,33.3067911970001],[-81.855316205,33.300541197],[-81.8382507749999,33.289383971],[-81.831219525,33.2779093610001],[-81.834515424,33.267508971],[-81.8484802669999,33.2595988140001],[-81.833245892,33.2371622910001],[-81.8175476499999,33.224686705],[-81.799505658,33.219217955],[-81.7770935489999,33.218021666],[-81.7704773379999,33.209769713],[-81.7647644469999,33.169925963],[-81.75973515,33.1559367050001],[-81.724139447,33.1311320180001],[-81.6361023379999,33.100590025],[-81.595233197,33.0808634630001],[-81.567083783,33.057743346],[-81.55192265,33.049759947],[-81.5300964779999,33.0467081890001],[-81.5176208919999,33.039554869],[-81.505169721,33.022587096],[-81.4957214779999,33.0022501820001],[-81.4922058529999,32.985257994],[-81.500457806,32.9510294780001],[-81.500408978,32.9316935420001],[-81.488787885,32.9231974470001],[-81.4375671809999,32.848075377],[-81.428118939,32.8203654160001],[-81.4251160099999,32.804813658],[-81.423944135,32.7900431500001],[-81.4185974549999,32.7746867050001],[-81.4084656189999,32.7606486190001],[-81.402508588,32.744901549],[-81.4034363219999,32.731400572],[-81.4096863219999,32.7245646350001],[-81.4121765559999,32.7123087750001],[-81.4160583919999,32.7019572130001],[-81.41339726,32.6972697140001],[-81.40870976,32.6945353380001],[-81.4028992129999,32.6879923690001],[-81.3980408139999,32.680106627],[-81.396014447,32.673343932],[-81.3992615169999,32.654227722],[-81.4046570249999,32.6388224470001],[-81.405755658,32.6242960800001],[-81.396014447,32.60788983],[-81.383392377,32.5973185420001],[-81.3653503849999,32.586381041],[-81.344793744,32.5778117050001],[-81.314813275,32.572928893],[-81.3058044859999,32.5690714710001],[-81.297576947,32.5636271350001],[-81.2902039,32.557328307],[-81.27536015,32.542631041],[-81.2700867129999,32.5388712750001],[-81.2662781189999,32.539603698],[-81.244354291,32.529716002],[-81.238958783,32.5259562360001],[-81.235321088,32.5171427600001],[-81.233416791,32.5057658070001],[-81.228265424,32.496000182],[-81.2147644469999,32.491800964],[-81.200750775,32.4845499860001],[-81.196307416,32.4678263540001],[-81.197381635,32.4365763530001],[-81.166986127,32.3546427600001],[-81.1519714779999,32.3503214710001],[-81.1397156189999,32.338578307],[-81.131781049,32.321195494],[-81.129754681,32.300004088],[-81.131805463,32.288187682],[-81.139520306,32.274662291],[-81.142767377,32.265262877],[-81.144476361,32.2540568220001],[-81.142767377,32.228007018],[-81.1448914,32.222123228],[-81.154290814,32.2048869],[-81.156414838,32.193876158],[-81.153778119,32.1873087750001],[-81.135955853,32.1553995960001],[-81.136273236,32.152323424],[-81.1380554629999,32.148221861],[-81.1387634709999,32.1427286970001],[-81.135955853,32.135526549],[-81.1314636659999,32.1309122910001],[-81.1209167909999,32.125687683],[-81.115448041,32.1218790880001],[-81.0865417909999,32.091507994],[-81.0778992129999,32.087113463],[-81.020037885,32.0912150250001],[-80.9981628849999,32.087113463],[-80.957952924,32.070780455],[-80.950970502,32.0635294780001],[-80.944549603,32.0497111190001],[-80.929241986,32.039725768],[-80.911004681,32.033890807],[-80.8909363219999,32.0324747920001],[-80.890287658,32.0326572030001],[-80.889393684,32.030422268],[-80.8790177069999,32.026516018],[-80.8652237619999,32.026516018],[-80.848133918,32.022162177],[-80.835682746,32.002915757],[-80.853911913,31.982163804],[-80.90339108,31.9505069030001],[-80.912668424,31.9558779970001],[-80.919504361,31.965236721],[-80.923451301,31.9740257830001],[-80.923817512,31.977769273],[-80.937367317,31.97646719],[-80.9443253249999,31.969183661],[-80.948638476,31.96112702],[-80.954660611,31.9573428410001],[-80.964751757,31.9487979190001],[-80.963124153,31.930650132],[-80.9495336579999,31.9137230490001],[-80.923817512,31.908880927],[-80.95815996,31.8793399110001],[-80.9804581369999,31.8653832050001],[-80.995228645,31.8644880230001],[-81.012603319,31.8744570980001],[-81.057687955,31.8819033870001],[-81.074696418,31.888413804],[-81.0806778639999,31.8966332050001],[-81.0868220689999,31.907660223],[-81.0953263009999,31.9160016950001],[-81.1082250639999,31.9163272160001],[-81.1182348299999,31.907660223],[-81.1118057929999,31.8980166690001],[-81.091420051,31.8849958350001],[-81.0903214179999,31.875718492],[-81.13019772,31.8667666690001],[-81.142974413,31.854925848],[-81.0877172519999,31.8474795590001],[-81.0818985669999,31.84398021],[-81.061024543,31.8269717470001],[-81.045155403,31.827826239],[-81.039906379,31.8269717470001],[-81.049549934,31.8135440120001],[-81.0609024729999,31.788153387],[-81.091379361,31.7543399110001],[-81.1055395169999,31.742661851],[-81.119048632,31.7376162780001],[-81.171376106,31.7366397160001],[-81.204579231,31.741441148],[-81.228627082,31.7549502620001],[-81.238636848,31.7630882830001],[-81.2531632149999,31.770249742],[-81.26659095,31.772406317],[-81.2733048169999,31.7655296900001],[-81.2691951159999,31.7516950540001],[-81.2562149729999,31.7447777360001],[-81.2254939439999,31.7376162780001],[-81.19627845,31.717596747],[-81.198963996,31.69944896],[-81.2391251289999,31.663072007],[-81.2519386559999,31.647172896],[-81.2588650609999,31.6320984700001],[-81.300933398,31.5707868510001],[-81.3182699579999,31.56555293],[-81.331091364,31.55243102],[-81.333365814,31.544396527],[-81.3201964199999,31.522446919],[-81.328237186,31.5023423300001],[-81.327021734,31.4983423830001],[-81.326973158,31.493331351],[-81.3269052289999,31.4863158160001],[-81.331432519,31.46723435],[-81.365276673,31.4378869720001],[-81.3638993239999,31.41583001],[-81.348369367,31.38886731],[-81.335230205,31.3669056060001],[-81.325657268,31.3489285140001],[-81.3361826809999,31.342820021],[-81.428863085,31.3528506530001],[-81.4507950509999,31.361476955],[-81.4709366529999,31.3728701840001],[-81.479969856,31.3742129580001],[-81.492421028,31.3676618510001],[-81.467030403,31.3478050800001],[-81.426503059,31.332953192],[-81.381988085,31.323675848],[-81.3447159499999,31.32050202],[-81.328277148,31.3152529970001],[-81.285064257,31.2876651060001],[-81.2698868479999,31.2748477230001],[-81.267689582,31.2587344420001],[-81.27464759,31.2355410830001],[-81.288563606,31.220933335],[-81.307484504,31.2304548200001],[-81.343169726,31.1806501320001],[-81.367543098,31.153550523],[-81.385975715,31.1417503930001],[-81.409250455,31.143255927],[-81.417958137,31.148993231],[-81.4185684889999,31.1605899110001],[-81.415516731,31.20722077],[-81.42300371,31.219631252],[-81.4446508449999,31.216782945],[-81.454823371,31.206000067],[-81.456532356,31.190415757],[-81.448638476,31.1509463560001],[-81.4469294909999,31.130845445],[-81.451730924,31.11709219],[-81.4872940749999,31.133612372],[-81.4958389959999,31.126206773],[-81.492583788,31.113674221],[-81.464019335,31.1026065120001],[-81.4409887359999,31.0813662780001],[-81.430287239,31.073431708],[-81.43089759,31.0932070980001],[-81.4249161449999,31.104722398],[-81.4036759109999,31.12128327],[-81.405384895,31.0947940120001],[-81.424143033,31.0250511740001],[-81.430287239,31.0250511740001],[-81.443023241,31.0447451840001],[-81.4634496739999,31.067328192],[-81.4881078769999,31.08584219],[-81.5135391919999,31.0933291690001],[-81.499379036,31.074611721],[-81.459136523,31.0386416690001],[-81.4507950509999,31.021918036],[-81.4567764959999,31.001654364],[-81.4724828769999,30.991888739],[-81.519683398,30.9840762390001],[-81.519683398,30.9766299500001],[-81.499256965,30.9682070980001],[-81.464100715,30.968451239],[-81.4507950509999,30.963568427],[-81.462310351,30.9486758480001],[-81.492990689,30.9185244810001],[-81.499256965,30.9055850280001],[-81.500355598,30.9000511740001],[-81.50511634,30.886175848],[-81.506011523,30.8816592470001],[-81.502797004,30.8719750020001],[-81.497547981,30.866156317],[-81.49315345,30.8594424500001],[-81.492421028,30.846869208],[-81.501576301,30.8507754580001],[-81.511708137,30.8533389340001],[-81.5223282539999,30.854437567],[-81.5333552729999,30.853705145],[-81.5333552729999,30.846869208],[-81.519032356,30.841782945],[-81.514881965,30.83201732],[-81.515044726,30.819484768],[-81.5135391919999,30.8059756530001],[-81.5086563789999,30.7967796900001],[-81.496734179,30.7833519550001],[-81.492421028,30.7717959660001],[-81.494781054,30.749212958],[-81.50129147,30.724351304],[-81.5011050259999,30.722553113],[-81.501877651,30.7226859510001],[-81.531825297,30.7194167530001],[-81.533420009,30.7159893400001],[-81.535628173,30.711243274],[-81.540381767,30.709199796],[-81.546767433,30.712464187],[-81.5491759169999,30.71369539],[-81.562485982,30.71369539],[-81.5753206869999,30.721664338],[-81.595285784,30.721664338],[-81.6020664769999,30.722896968],[-81.6042247179999,30.722028451],[-81.6058193539999,30.7208845380001],[-81.606216139,30.7190172040001],[-81.606592909,30.718702283],[-81.60783451,30.7176644890001],[-81.6085855439999,30.7174597270001],[-81.6094358409999,30.717227903],[-81.6117856399999,30.718079092],[-81.6126190859999,30.719003891],[-81.613120776,30.719560567],[-81.614883881,30.721345885],[-81.615040654,30.721535268],[-81.6164250119999,30.7232075690001],[-81.617859766,30.723863588],[-81.621673242,30.725607219],[-81.6237336129999,30.7279374550001],[-81.623580871,30.732961494],[-81.6240468839999,30.7352587550001],[-81.625076065,30.736650664],[-81.6266552769999,30.737142588],[-81.629355854,30.735828449],[-81.630440226,30.7349381010001],[-81.6310270159999,30.7331223740001],[-81.6331787509999,30.7322520550001],[-81.634254679,30.7318197900001],[-81.6363828799999,30.731865398],[-81.6374201809999,30.7328012520001],[-81.6400757609999,30.732858469],[-81.6422417769999,30.731533296],[-81.644424124,30.7297492230001],[-81.6470026329999,30.7286628030001],[-81.652801503,30.731475492],[-81.653311218,30.7325352790001],[-81.6543499369999,30.7346949220001],[-81.654319973,30.7365243560001],[-81.653732615,30.739715457],[-81.652625551,30.742444853],[-81.652595498,30.7442742660001],[-81.6547014129999,30.745670092],[-81.657364067,30.7452455550001],[-81.658973906,30.744350094],[-81.66111697,30.7434637760001],[-81.663238878,30.7439465700001],[-81.6648097389999,30.7453360660001],[-81.661544968,30.749866106],[-81.6604458779999,30.7521397280001],[-81.661475963,30.753980541],[-81.664658129,30.7549320300001],[-81.6673127139999,30.7549653210001],[-81.671058059,30.7536390980001],[-81.6742708129999,30.752306],[-81.6767735469999,30.751923258],[-81.679899767,30.7510983060001],[-81.6799852659999,30.7510757440001],[-81.6827012609999,30.749303495],[-81.683281472,30.7474886200001],[-81.682792721,30.7461056160001],[-81.68120621,30.745615552],[-81.679899767,30.7455873380001],[-81.679610709,30.745581096],[-81.678001448,30.7460058910001],[-81.6763845499999,30.7468854200001],[-81.673697866,30.747743811],[-81.671585179,30.747242413],[-81.670654172,30.7458625190001],[-81.669616976,30.744022785],[-81.669639965,30.74265054],[-81.670730098,30.7412932580001],[-81.672340726,30.740398881],[-81.6749804439999,30.7399982850001],[-81.678160929,30.7405226970001],[-81.679899767,30.7412462630001],[-81.6839445039999,30.742929338],[-81.686058392,30.7434307870001],[-81.6881868079999,30.7434752800001],[-81.6923604779999,30.7463050440001],[-81.6950917609999,30.7475266880001],[-81.698806315,30.748483657],[-81.7001042319999,30.748054335],[-81.701476599,30.7476009310001],[-81.7029803239999,30.7469840960001],[-81.705741749,30.7467359930001],[-81.709991089,30.747243353],[-81.712639441,30.748187698],[-81.715843425,30.7473101250001],[-81.720543243,30.7468912510001],[-81.725339645,30.748376281],[-81.726867317,30.748849264],[-81.7289581809999,30.7502634260001],[-81.731025428,30.752592365],[-81.733070784,30.7553766720001],[-81.7356723979999,30.7577166780001],[-81.7382538419999,30.7591931600001],[-81.7411657599999,30.7608586320001],[-81.7412905279999,30.7620302170001],[-81.741379061,30.7628615360001],[-81.7413399449999,30.764232964],[-81.7421651339999,30.7654398020001],[-81.744476369,30.7665828100001],[-81.7485277769999,30.766884183],[-81.7506403679999,30.7678216790001],[-81.7538219369999,30.7687723110001],[-81.7549802139999,30.7694880720001],[-81.759093796,30.7720300310001],[-81.759235775,30.772180309],[-81.7617116379999,30.774800841],[-81.763831906,30.7752821820001],[-81.7659458,30.7762206790001],[-81.768615271,30.775793187],[-81.770751673,30.774902164],[-81.771850134,30.772631],[-81.7724380929999,30.769437471],[-81.773363088,30.767211119],[-81.773403617,30.7671135680001],[-81.773628616,30.7665720140001],[-81.7745505779999,30.766777717],[-81.781384374,30.763044216],[-81.782341445,30.7636910100001],[-81.783348195,30.7655397120001],[-81.783699695,30.766862525],[-81.7838366779999,30.7673780320001],[-81.7853699629999,30.769695761],[-81.785346823,30.7705261420001],[-81.7852935889999,30.7724364760001],[-81.785751283,30.775188164],[-81.787269624,30.7779614340001],[-81.791404245,30.78261613],[-81.794014206,30.784496338],[-81.7966767559999,30.784548124],[-81.7977598099999,30.7836570120001],[-81.799369225,30.782987307],[-81.80042247,30.783912695],[-81.803031682,30.787140098],[-81.806182575,30.7899155580001],[-81.809356706,30.79132125],[-81.814674184,30.7918338420001],[-81.819465835,30.791885419],[-81.821601871,30.7909944240001],[-81.823219088,30.789640542],[-81.82474545,30.7896746660001],[-81.826331751,30.790163363],[-81.8273616559999,30.7915538160001],[-81.828919173,30.792955051],[-81.8315886019999,30.7925510540001],[-81.833221102,30.791212446],[-81.836532989,30.789324238],[-81.838654014,30.7898028410001],[-81.840140814,30.791347698],[-81.840645082,30.7922707090001],[-81.843803184,30.7937031430001],[-81.845421365,30.792822351],[-81.847030614,30.7923947790001],[-81.8487244029999,30.792649741],[-81.856651541,30.796388278],[-81.860908651,30.796890134],[-81.8641056389999,30.7964647600001],[-81.8655148859999,30.795879187],[-81.8662489229999,30.795574177],[-81.868904602,30.7956009120001],[-81.870346488,30.796503327],[-81.872351763,30.798303565],[-81.875031114,30.800708904],[-81.877128192,30.8016623440001],[-81.87820412,30.8012251160001],[-81.878785875,30.8013617770001],[-81.88032519,30.8017233780001],[-81.881583544,30.802585956],[-81.881655593,30.8027656650001],[-81.884384697,30.809572449],[-81.884849821,30.811866266],[-81.885872018,30.8137152410001],[-81.8879774769999,30.8146687660001],[-81.8895344279999,30.8160709870001],[-81.890953382,30.818218845],[-81.891533524,30.82113647],[-81.8920054769999,30.823430381],[-81.892998196,30.824637865],[-81.895133655,30.8262326600001],[-81.898030337,30.826914485],[-81.898284667,30.826974349],[-81.899856787,30.828819108],[-81.901179594,30.8294018330001],[-81.901977383,30.8297532750001],[-81.904106308,30.8297746470001],[-81.9067997069999,30.8275168160001],[-81.9062960269999,30.8252264140001],[-81.9052507659999,30.823845537],[-81.904220625,30.8215507950001],[-81.904244165,30.819723035],[-81.905319733,30.818819169],[-81.9074632929999,30.8179265160001],[-81.9078819439999,30.8178707650001],[-81.9106604999999,30.817500749],[-81.912616154,30.817718458],[-81.914681744,30.817948405],[-81.9192958899999,30.8184620610001],[-81.927237995,30.8199823240001],[-81.9290721389999,30.820448564],[-81.933059776,30.8214622130001],[-81.935073579,30.823222669],[-81.93563069,30.825166391],[-81.9361117749999,30.827003271],[-81.937674727,30.8284057590001],[-81.9403381449999,30.828454793],[-81.942489921,30.8275789850001],[-81.945159443,30.827173008],[-81.948357223,30.8272319550001],[-81.9515760619999,30.826378046],[-81.955292406,30.8243289780001],[-81.9590603519999,30.821165283],[-81.961726302,30.818477476],[-81.961754391,30.8184491560001],[-81.9628448659999,30.8161737660001],[-81.963974401,30.8111570030001],[-81.963975316,30.811091097],[-81.9640125019999,30.808414414],[-81.964042478,30.8061296390001],[-81.9624713549999,30.8038313000001],[-81.961463618,30.7992500880001],[-81.965789768,30.7942640320001],[-81.9674227359999,30.791078983],[-81.969055204,30.7883532230001],[-81.969628083,30.785157741],[-81.971260078,30.7824330010001],[-81.972877151,30.780618637],[-81.976104774,30.7783622710001],[-81.9799339859999,30.7779887290001],[-81.983131389,30.7780455000001],[-81.987491074,30.779256996],[-81.9884178739999,30.779514539],[-81.9911933509999,30.7817272740001],[-81.993111166,30.7832562120001],[-81.996222893,30.786512642],[-81.9988631209999,30.7881702460001],[-82.001494839,30.790478052],[-82.00468436,30.7914216290001],[-82.008392408,30.7923673820001],[-82.011589268,30.7923967130001],[-82.0153273799999,30.7915158750001],[-82.019599744,30.789725759],[-82.0228269899999,30.7870120160001],[-82.024444068,30.7851980090001],[-82.024473461,30.783014578],[-82.02447482,30.7829135910001],[-82.02292639,30.7787852100001],[-82.020835466,30.7755677710001],[-82.01820361,30.7732604440001],[-82.018018068,30.773032518],[-82.015579447,30.7700367710001],[-82.014549494,30.767742309],[-82.0151138469999,30.7650045420001],[-82.016204125,30.762729817],[-82.0199730949999,30.7586502680001],[-82.0210646189999,30.7563745560001],[-82.0221478129999,30.7550126670001],[-82.024291863,30.753659678],[-82.0278931219999,30.75371116],[-82.031363894,30.752130212],[-82.032275338,30.7517168410001],[-82.0327296249999,30.7515108050001],[-82.034317257,30.751997529],[-82.035354643,30.7529298270001],[-82.036918792,30.7543275460001],[-82.0385128199999,30.754355909],[-82.0401462779999,30.7530132720001],[-82.041794278,30.750756848],[-82.0420681119999,30.739333587],[-82.044326234,30.7338871630001],[-82.0449524809999,30.729783603],[-82.045021198,30.7270432170001],[-82.042441992,30.723796386],[-82.0413470459999,30.721469367],[-82.040923618,30.7205694680001],[-82.0399549639999,30.7164384750001],[-82.038559485,30.7081851600001],[-82.0391469369999,30.7059098100001],[-82.039284791,30.7057210730001],[-82.040794969,30.7036534430001],[-82.042984761,30.701715041],[-82.045700243,30.697166891],[-82.045234477,30.695958881],[-82.044204602,30.6945707670001],[-82.043182564,30.692722468],[-82.043747339,30.691360575],[-82.0514600319999,30.680067524],[-82.053176755,30.675068207],[-82.0502774939999,30.6688653040001],[-82.0496598829999,30.666318851],[-82.0502394659999,30.664499124],[-82.050292597,30.662214098],[-82.0514600729999,30.6576630860001],[-82.0499570919999,30.653978392],[-82.047405526,30.6512722770001],[-82.0442576759999,30.6479336560001],[-82.0435331779999,30.646621544],[-82.041198372,30.642392938],[-82.0412902779999,30.638736687],[-82.040313131,30.635060982],[-82.039306863,30.6327548060001],[-82.036186249,30.6299567990001],[-82.035155856,30.628567164],[-82.0346908699999,30.625815899],[-82.0342177969999,30.6235202390001],[-82.0331958989999,30.621673893],[-82.031661579,30.6193601700001],[-82.028542023,30.61655966],[-82.028127978,30.6126364000001],[-82.028106892,30.6124365980001],[-82.027595297,30.610147564],[-82.0265648809999,30.607395566],[-82.0255196839999,30.6060145960001],[-82.02341397,30.6046257860001],[-82.0213015319999,30.603691708],[-82.017912371,30.6000514140001],[-82.0165788359999,30.5986190290001],[-82.015733142,30.5962499340001],[-82.012977325,30.5885294870001],[-82.011957035,30.586355934],[-82.011471429,30.585321415],[-82.010390648,30.5830189170001],[-82.0099482139999,30.5761569900001],[-82.0089411119999,30.571574547],[-82.0089626929999,30.5697939240001],[-82.009040845,30.5633455],[-82.0095977449999,30.561063371],[-82.01068124,30.558788634],[-82.011779142,30.5560536100001],[-82.0126116879999,30.550422553],[-82.012788904,30.5499004210001],[-82.014571975,30.544646798],[-82.0151295289999,30.5423659810001],[-82.0173309089999,30.5371179330001],[-82.0189511359999,30.533255163],[-82.0201104479999,30.5250360570001],[-82.019960592,30.5242112540001],[-82.019111628,30.519538475],[-82.01807431,30.517700319],[-82.016510526,30.515399995],[-82.016013987,30.513108865],[-82.017669111,30.5076367480001],[-82.017692703,30.505350641],[-82.017723023,30.5030634580001],[-82.0177390559999,30.5016914120001],[-82.018302919,30.4989533140001],[-82.0182415849999,30.493352797],[-82.017875067,30.490259333],[-82.0179061529999,30.4879745810001],[-82.018463188,30.4856912700001],[-82.0184782659999,30.4838618490001],[-82.0195621059999,30.4820442030001],[-82.019584191,30.4802127130001],[-82.0190729829999,30.478837795],[-82.019089105,30.4774646160001],[-82.019652778,30.4747252820001],[-82.020011298,30.4739729570001],[-82.020736771,30.472450598],[-82.02181224,30.471544688],[-82.022887718,30.470182713],[-82.024512643,30.4674515480001],[-82.02563521,30.461973218],[-82.027779087,30.459705044],[-82.0288624739999,30.4578862390001],[-82.031043659,30.452874932],[-82.031592865,30.451049622],[-82.031616526,30.4492206350001],[-82.032700154,30.4469434340001],[-82.033195458,30.444677348],[-82.0353703599999,30.44242856],[-82.039696362,30.4388466260001],[-82.039757214,30.4361043840001],[-82.0372084099999,30.4319401280001],[-82.0360184249999,30.427010809],[-82.035766692,30.425968015],[-82.036361178,30.4232332050001],[-82.036392352,30.421861638],[-82.038048065,30.419145117],[-82.0402068239999,30.4173551190001],[-82.0426027409999,30.415928285],[-82.043990896,30.414221319],[-82.044586431,30.411485492],[-82.0440976769999,30.409647249],[-82.044166187,30.406904113],[-82.0431753429999,30.40414063],[-82.0421980149999,30.4004630340001],[-82.041679269,30.399997682],[-82.040718216,30.395862354],[-82.038712052,30.391252132],[-82.037749569,30.387117598],[-82.036695152,30.383838879],[-82.0362700059999,30.3825168510001],[-82.0358124579999,30.379762932],[-82.0358891669999,30.3765617170001],[-82.037287015,30.373715761],[-82.0377931889999,30.3726851940001],[-82.038116791,30.3720263360001],[-82.0397413739999,30.370225393],[-82.04460911,30.3661940810001],[-82.0467757439999,30.3639448370001],[-82.0489353769999,30.3621536960001],[-82.050010593,30.3617150350001],[-82.051246162,30.361160181],[-82.055892488,30.359073637],[-82.060661822,30.3591578540001],[-82.0617289629999,30.35871877],[-82.063323539,30.358289297],[-82.064986904,30.357568762],[-82.0671075499999,30.35713029],[-82.0680925309999,30.3583742270001],[-82.068680306,30.3589723740001],[-82.070243203,30.360817192],[-82.0718304849999,30.360829709],[-82.073959491,30.3603891760001],[-82.077141378,30.359500989],[-82.0792620989999,30.3595194580001],[-82.081817165,30.359987533],[-82.0833974919999,30.360471766],[-82.0934518249999,30.360645752],[-82.0942786899999,30.3610943900001],[-82.094399947,30.361160181],[-82.0986781409999,30.3634813980001],[-82.099693368,30.3640922870001],[-82.100167689,30.364609471],[-82.100341506,30.3647989940001],[-82.101273068,30.365814729],[-82.104431279,30.3667832200001],[-82.105477203,30.3667311780001],[-82.107646083,30.36662326],[-82.1077649099999,30.366617347],[-82.110039394,30.3668786150001],[-82.11101999,30.3669920130001],[-82.111999891,30.367105331],[-82.114135846,30.3657509170001],[-82.114818982,30.3655904820001],[-82.116645904,30.365161427],[-82.118904495,30.3648742400001],[-82.123123419,30.3662800600001],[-82.124330055,30.3662901610001],[-82.126303913,30.366306685],[-82.127891185,30.3663182390001],[-82.130020442,30.3654216620001],[-82.1321415259999,30.364978484],[-82.134681652,30.3640961250001],[-82.139953903,30.3651012140001],[-82.142066729,30.3651375190001],[-82.1442027779999,30.3642579250001],[-82.1463618989999,30.362462539],[-82.149017401,30.362051195],[-82.152206198,30.361646549],[-82.1550296559999,30.3610001310001],[-82.1703473219999,30.3611132660001],[-82.171882529,30.362083695],[-82.173980203,30.3639301440001],[-82.176093802,30.364402339],[-82.1776807909999,30.3644142160001],[-82.178200438,30.3657908750001],[-82.1781992249999,30.36592884],[-82.178184367,30.367619905],[-82.1786875999999,30.369453003],[-82.180801559,30.370384536],[-82.1818485489999,30.371594611],[-82.182792162,30.3726851940001],[-82.183189081,30.3731439310001],[-82.184219862,30.37453228],[-82.1852265889999,30.3768361850001],[-82.186798391,30.377778884],[-82.188911692,30.377813055],[-82.190491212,30.37829649],[-82.191520414,30.37968676],[-82.1919784779999,30.38289659],[-82.1919473739999,30.3842679860001],[-82.192946899,30.3870298780001],[-82.195037701,30.3884334480001],[-82.196609286,30.3889175780001],[-82.198608137,30.3901828740001],[-82.198661324,30.392152728],[-82.199126709,30.3949055560001],[-82.2001417929999,30.3972096430001],[-82.2007282479999,30.3980944830001],[-82.201675159,30.399523161],[-82.2028671099999,30.401676283],[-82.203208287,30.402292571],[-82.203705209,30.4036717460001],[-82.20481862,30.405323418],[-82.205695523,30.409650632],[-82.206162145,30.412404721],[-82.207886041,30.4163222620001],[-82.2083588239999,30.422271367],[-82.2084862149999,30.427010809],[-82.208488076,30.4270800140001],[-82.207870501,30.431188118],[-82.206726628,30.4352853150001],[-82.205024997,30.440290389],[-82.203865354,30.444845225],[-82.203773856,30.448961894],[-82.2043307399999,30.455173672],[-82.204385533,30.45550447],[-82.205123702,30.4599608350001],[-82.205025057,30.464533207],[-82.204421301,30.467726183],[-82.203284822,30.4713664440001],[-82.201614536,30.4749990050001],[-82.201500174,30.480027889],[-82.2024689239999,30.483514642],[-82.207138089,30.4940660400001],[-82.211672506,30.4984843660001],[-82.211867759,30.4986746160001],[-82.2158319009999,30.502149785],[-82.216598044,30.5028214100001],[-82.220283673,30.5055903710001],[-82.2210954339999,30.506200736],[-82.221952862,30.5068454340001],[-82.223969046,30.508361382],[-82.22711899,30.5120408350001],[-82.227866093,30.513522505],[-82.2292024129999,30.5161726640001],[-82.229141395,30.522572994],[-82.230217268,30.525312286],[-82.2317806899999,30.5267104640001],[-82.2338403459999,30.5294873190001],[-82.236449718,30.531359185],[-82.23748777,30.5327467360001],[-82.239013848,30.5355148450001],[-82.240005307,30.5387324180001],[-82.239418263,30.541467927],[-82.238288636,30.544651398],[-82.236060766,30.549644936],[-82.2349169979999,30.553285168],[-82.233238218,30.557374795],[-82.2326580529999,30.55824819],[-82.231437966,30.560084912],[-82.2292943099999,30.562815261],[-82.2212756209999,30.56870309],[-82.232951591,30.5902451520001],[-82.2320957459999,30.6437115610001],[-82.2278858819999,30.706685771],[-82.2261383009999,30.7748225230001],[-82.2304916289999,30.8410315270001],[-82.2445945429999,30.898224984],[-82.3166318019999,30.9572036020001],[-82.375989434,30.9617214800001],[-82.44271397,30.9681943430001],[-82.5125513039999,30.977771568],[-82.5812501249999,30.991612448],[-82.644560157,31.0108864850001],[-82.6982291789999,31.036772015],[-82.759598951,31.113115302],[-82.7670799379999,31.1826209130001],[-82.768831499,31.231617283],[-82.7698936289999,31.2881309730001],[-82.7707444819999,31.3506784540001],[-82.7718634349999,31.4177766720001],[-82.7737314059999,31.487943199],[-82.776830992,31.5596963020001],[-82.781646434,31.631554952],[-82.788663406,31.702038765],[-82.798368619,31.769667886],[-82.811249257,31.832962804],[-82.827792211,31.89044412],[-82.848483146,31.9406322530001],[-82.904238569,32.013207624],[-82.9451546279999,32.0513030260001],[-83.0002166469999,32.1125769700001],[-83.032378003,32.1509973690001],[-83.0672671769999,32.1941220900001],[-83.104614698,32.2415877970001],[-83.144150636,32.293031373],[-83.1856043509999,32.3480900100001],[-83.228704276,32.4064012750001],[-83.2731777119999,32.467603181],[-83.31875065,32.5313342380001],[-83.365147619,32.5972334980001],[-83.412091557,32.664940594],[-83.459303701,32.7340957650001],[-83.506503504,32.804339869],[-83.553408583,32.8753143950001],[-83.599734679,32.946661461],[-83.6451956509999,33.018023797],[-83.6895034979999,33.0890447290001],[-83.732368395,33.1593681480001],[-83.773498769,33.22863847],[-83.812601393,33.296500586],[-83.8493815089999,33.362599807],[-83.883542983,33.426581795],[-83.9147884819999,33.4880924880001],[-83.942819678,33.546778019],[-83.967337491,33.602284615],[-83.988042346,33.6542585040001],[-84.0046344689999,33.7023457980001],[-84.0242823849999,33.785443752],[-84.031337913,33.856087731],[-84.032793829,33.9208890560001],[-84.029084573,33.980159533],[-84.020648153,34.0342100400001],[-84.007925657,34.083350749],[-83.9913607989999,34.127891327],[-83.948489466,34.204409303],[-83.8956210659999,34.26623761],[-83.836360758,34.315851408],[-83.7743231589999,34.355730385],[-83.71312578,34.388360541],[-83.6471521499999,34.420136643],[-83.572430003,34.455096768],[-83.4948813809999,34.4923281960001],[-83.420442284,34.5309333410001],[-83.355064055,34.570029699],[-83.3047134129999,34.608746753],[-83.2861524199999,34.6514220080001],[-83.2326111269999,34.622635924]]]]},"properties":{"NAME":"Georgia","NAME_LONG":"Georgia","ABBREV":"Ga."}},{"type":"Feature","geometry":{"type":"MultiPolygon","coordinates":[[[[-77.942046679,33.9168154970001],[-77.962391731,33.8568789730001],[-77.96996009,33.847967841],[-77.981312629,33.8538272160001],[-77.997710741,33.8589541690001],[-78.0122777989999,33.8656273460001],[-78.017811653,33.875881252],[-78.010080533,33.892035223],[-77.995228645,33.899318752],[-77.979725715,33.898179429],[-77.96996009,33.889553127],[-77.9632869129999,33.8944766300001],[-77.942046679,33.9168154970001]]],[[[-77.818714973,34.1726748720001],[-77.8206274079999,34.171576239],[-77.8233536449999,34.17186107],[-77.825998502,34.170640367],[-77.845936653,34.1237653670001],[-77.860178189,34.1004092470001],[-77.874419726,34.088120835],[-77.8640030589999,34.1136742210001],[-77.8565567699999,34.1426455750001],[-77.844227668,34.1666527360001],[-77.8192032539999,34.177476304],[-77.818714973,34.1726748720001]]],[[[-77.35252845,34.5222842470001],[-77.3544001939999,34.5211856140001],[-77.3574112619999,34.521389065],[-77.36046302,34.5200869810001],[-77.3863419259999,34.501695054],[-77.4677628249999,34.4653994810001],[-77.500721809,34.458685614],[-77.514556444,34.453762111],[-77.6177872389999,34.377630927],[-77.634185351,34.362494208],[-77.614735481,34.395453192],[-77.578724739,34.4253604190001],[-77.449818489,34.4956729190001],[-77.431874153,34.4996605490001],[-77.4137263659999,34.5039737000001],[-77.3741348949999,34.523138739],[-77.353016731,34.52757396],[-77.35252845,34.5222842470001]]],[[[-76.537709114,34.6421572940001],[-76.551665819,34.63686758],[-76.556223111,34.64061107],[-76.592681444,34.663519598],[-76.643218554,34.6784121770001],[-76.654774543,34.684556382],[-76.654774543,34.6914737000001],[-76.634266731,34.6914737000001],[-76.565337694,34.6709658870001],[-76.5547989569999,34.6642113300001],[-76.542144335,34.6528994810001],[-76.537709114,34.6421572940001]]],[[[-76.681467252,34.7051455750001],[-76.681467252,34.698228257],[-76.80186927,34.7051455750001],[-76.8275040359999,34.7029483090001],[-77.099761523,34.6498477230001],[-77.0823868479999,34.665472723],[-77.054432746,34.6748721370001],[-76.8974503249999,34.698228257],[-76.733550585,34.7175967470001],[-76.681467252,34.7051455750001]]],[[[-76.5196427069999,34.6157901060001],[-76.5306290359999,34.589056708],[-76.5392146479999,34.6082217470001],[-76.5250544909999,34.6378441430001],[-76.407785611,34.794419664],[-76.304676887,34.883246161],[-76.262318489,34.906724351],[-76.256255663,34.9136416690001],[-76.249501106,34.92186107],[-76.2339574859999,34.9317080750001],[-76.21597246,34.9403343770001],[-76.202259895,34.9447289080001],[-76.2227677069999,34.9174258480001],[-76.2496638659999,34.903225002],[-76.299875455,34.858587958],[-76.322092252,34.849066473],[-76.3404027989999,34.8384463560001],[-76.395985481,34.787583726],[-76.5196427069999,34.6157901060001]]],[[[-76.140858528,34.9924990910001],[-76.1470434239999,34.9924990910001],[-76.137277799,35.003404039],[-76.1064347,35.0303408870001],[-76.099842903,35.044623114],[-76.0965063139999,35.0496279970001],[-76.0889786449999,35.0552432310001],[-76.0815323559999,35.062201239],[-76.078114387,35.0716006530001],[-76.072499153,35.074774481],[-76.05968177,35.071478583],[-76.037180142,35.0613467470001],[-76.040598111,35.0576846370001],[-76.0439346999999,35.056301174],[-76.047515429,35.0557315120001],[-76.0514216789999,35.0545921900001],[-76.1255997389999,35.0115420590001],[-76.140858528,34.9924990910001]]],[[[-75.9080704419999,35.1364606790001],[-76.017323371,35.0750186220001],[-76.005970832,35.085150458],[-75.998850064,35.097072658],[-75.9899796209999,35.1234398460001],[-75.967030403,35.1177432310001],[-75.939849413,35.1268985050001],[-75.8863419259999,35.156968492],[-75.7988988919999,35.1842308610001],[-75.770253059,35.197943427],[-75.775990364,35.190741278],[-75.782093879,35.1858584660001],[-75.798207161,35.1780459660001],[-75.8173722,35.162909247],[-75.9080704419999,35.1364606790001]]],[[[-75.5437719389999,35.2333031270001],[-75.5537003249999,35.2320010440001],[-75.5853165359999,35.2333031270001],[-75.623158332,35.219061591],[-75.644439257,35.215765692],[-75.6821996739999,35.201239325],[-75.698312955,35.197943427],[-75.7040095689999,35.1959496110001],[-75.7175186839999,35.186916408],[-75.725575325,35.1848819030001],[-75.735747851,35.1876895200001],[-75.733387825,35.194037177],[-75.724680142,35.200913804],[-75.715687629,35.2053897160001],[-75.7059626939999,35.206244208],[-75.7015681629999,35.2100283870001],[-75.698963996,35.2148298200001],[-75.694569465,35.219061591],[-75.6930232409999,35.2219912780001],[-75.6923722,35.2268740910001],[-75.6903376939999,35.2313500020001],[-75.6849666009999,35.2333031270001],[-75.681955533,35.2315127620001],[-75.681060351,35.228013414],[-75.6797989569999,35.2252464860001],[-75.675363736,35.2258161480001],[-75.6126195949999,35.252590236],[-75.543120898,35.2730980490001],[-75.516346809,35.291001695],[-75.5170792309999,35.3214785830001],[-75.510894335,35.333685614],[-75.498768684,35.3828799500001],[-75.494374153,35.4204776060001],[-75.484527148,35.456691799],[-75.4822485019999,35.4790713560001],[-75.483631965,35.4899356140001],[-75.488758918,35.5092227230001],[-75.489125129,35.5206973330001],[-75.4852595689999,35.5320498720001],[-75.471669075,35.554348049],[-75.4686173169999,35.565090236],[-75.469349739,35.588771877],[-75.4758194649999,35.6301130230001],[-75.50096595,35.7033145200001],[-75.5027563139999,35.7227237],[-75.520008918,35.756659247],[-75.5261124339999,35.7757022160001],[-75.5170792309999,35.780747789],[-75.499501106,35.7674828150001],[-75.486683723,35.743801174],[-75.478749153,35.717230536],[-75.4760636059999,35.6953799500001],[-75.4735408189999,35.6748721370001],[-75.4549454419999,35.6231143250001],[-75.451812304,35.582505601],[-75.470570442,35.504787502],[-75.490834114,35.336411851],[-75.515614387,35.2601992860001],[-75.525380012,35.243963934],[-75.5437719389999,35.2333031270001]]],[[[-75.6253555979999,35.8301455750001],[-75.643950976,35.8291690120001],[-75.659291145,35.8360049500001],[-75.6661677729999,35.8522809920001],[-75.670643684,35.8713239600001],[-75.6784561839999,35.8869082700001],[-75.707753059,35.9133975280001],[-75.715687629,35.924750067],[-75.7212621739999,35.929999091],[-75.72777259,35.934556382],[-75.7298884759999,35.9393985050001],[-75.721831835,35.94525788],[-75.713042773,35.946966864],[-75.7037654289999,35.9457054710001],[-75.695220507,35.9424502620001],[-75.688343879,35.9384219420001],[-75.674061653,35.9332949890001],[-75.667388476,35.929510809],[-75.661040819,35.924750067],[-75.659331835,35.9154320330001],[-75.647043424,35.8992373720001],[-75.6126195949999,35.8632673200001],[-75.621896939,35.844916083],[-75.6221410799999,35.8346621770001],[-75.6253555979999,35.8301455750001]]],[[[-75.792388476,36.3221703150001],[-75.790760871,36.298081773],[-75.7863663399999,36.281968492],[-75.757232226,36.232611395],[-75.714263476,36.1298281920001],[-75.563954231,35.8953311220001],[-75.553944465,35.853664455],[-75.5238337879999,35.794378973],[-75.531605598,35.7984072940001],[-75.551258918,35.805121161],[-75.5579727859999,35.8086612000001],[-75.560658332,35.815619208],[-75.5604141919999,35.8246931010001],[-75.5616348949999,35.8325869810001],[-75.5836075509999,35.8438174500001],[-75.589466926,35.8620466170001],[-75.592152473,35.897447007],[-75.607004361,35.923814195],[-75.675363736,35.99990469],[-75.681548632,35.99990469],[-75.694488085,35.9935570330001],[-75.7097875639999,35.997788804],[-75.719471809,36.009995835],[-75.715687629,36.0271670590001],[-75.7074275379999,36.0165062520001],[-75.698963996,36.0149600280001],[-75.675363736,36.020941473],[-75.6797989569999,36.0366885440001],[-75.6871638659999,36.050034898],[-75.696929491,36.0556094420001],[-75.7088516919999,36.0482852230001],[-75.7235408189999,36.0588239600001],[-75.730783658,36.074896552],[-75.73558509,36.0929629580001],[-75.742990689,36.109767971],[-75.742990689,36.1165225280001],[-75.7386368479999,36.1411807310001],[-75.7490128249999,36.171616929],[-75.763172981,36.2012393250001],[-75.7736710279999,36.234035549],[-75.8016658189999,36.2790388040001],[-75.8152970039999,36.291245835],[-75.818470832,36.29677969],[-75.817005989,36.3002383480001],[-75.8138321609999,36.301743882],[-75.8118790359999,36.301499742],[-75.8186742829999,36.3288434920001],[-75.824859179,36.394273179],[-75.828114387,36.407538153],[-75.842152473,36.432033596],[-75.8453669909999,36.44920482],[-75.859689908,36.4734561220001],[-75.867095507,36.507554429],[-75.880848762,36.5425479190001],[-75.8801163399999,36.547919012],[-75.880639817,36.549247837],[-75.880487103,36.549247252],[-75.8671081969999,36.5491251830001],[-75.853100677,36.5490279600001],[-75.853098111,36.549017645],[-75.85285397,36.547919012],[-75.8118790359999,36.383449611],[-75.796986457,36.3428408870001],[-75.792388476,36.3221703150001]]],[[[-75.9669083319999,36.549790757],[-75.96198483,36.54295482],[-75.949818489,36.5433617210001],[-75.9429825509999,36.5496279970001],[-75.9429753679999,36.5496348020001],[-75.9267029239999,36.549515807],[-75.908963135,36.549412723],[-75.908802864,36.5486514340001],[-75.9080704419999,36.5212263040001],[-75.9053442049999,36.51190827],[-75.9011124339999,36.5028750670001],[-75.9011124339999,36.4960391300001],[-75.9112035799999,36.493312893],[-75.952137825,36.493312893],[-75.9728897779999,36.499701239],[-75.9766739569999,36.5138207050001],[-75.978423632,36.5278994810001],[-76.0065811839999,36.5418154970001],[-76.013249962,36.55015147],[-76.013055463,36.550150572],[-75.9669220859999,36.5498099260001],[-75.9669083319999,36.549790757]]],[[[-80.1630554629999,36.542582213],[-80.0895935489999,36.539774596],[-79.9707214779999,36.5400919780001],[-79.8518249939999,36.540384947],[-79.732952924,36.5407023300001],[-79.614080853,36.541019713],[-79.4952087829999,36.5413370960001],[-79.3763367129999,36.5416544780001],[-79.2574402279999,36.5419474470001],[-79.138568158,36.5422648300001],[-78.983612103,36.5422648300001],[-78.8286316349999,36.5422648300001],[-78.673651166,36.5422648300001],[-78.518670697,36.5422648300001],[-78.3636902279999,36.5422648300001],[-78.20870976,36.5422648300001],[-78.053729291,36.5422648300001],[-77.8987488219999,36.5422648300001],[-77.7755066349999,36.543216978],[-77.652288861,36.544144713],[-77.5290710879999,36.545072447],[-77.4058289,36.5460001820001],[-77.2825867129999,36.5469279160001],[-77.159368939,36.54785565],[-77.0361511659999,36.548783385],[-76.912908978,36.549735534],[-76.846405072,36.550101744],[-76.779876752,36.5504923690001],[-76.713348431,36.5508829940001],[-76.6468445249999,36.551273619],[-76.580340619,36.551664244],[-76.513836713,36.5520548690001],[-76.447283978,36.552445494],[-76.3807800719999,36.5528117050001],[-76.337127728,36.552494322],[-76.293475385,36.5521525250001],[-76.2498230409999,36.551810728],[-76.2061706969999,36.551468932],[-76.169207806,36.551224791],[-76.132220502,36.550956236],[-76.0952331969999,36.550687682],[-76.0582703059999,36.550443541],[-76.0317250829999,36.5502715420001],[-76.030913866,36.547919012],[-76.030913866,36.535874742],[-76.0369360019999,36.5167503930001],[-76.037180142,36.5007998720001],[-76.029042121,36.4802920590001],[-76.011708137,36.460598049],[-75.989898241,36.443793036],[-75.968251106,36.4325218770001],[-75.985829231,36.425279039],[-75.9737035799999,36.4010684270001],[-75.948719856,36.37518952],[-75.927886523,36.3635928410001],[-75.936879036,36.372219143],[-75.943104621,36.379584052],[-75.9468888009999,36.3875186220001],[-75.9490453769999,36.397691148],[-75.9453832669999,36.3969587260001],[-75.9390763009999,36.408677476],[-75.9313044909999,36.428697007],[-75.918568489,36.429348049],[-75.9163712229999,36.4026553410001],[-75.9217423169999,36.356756903],[-75.912831184,36.341294664],[-75.8804418609999,36.30068594],[-75.873361783,36.284735419],[-75.869943814,36.272202867],[-75.8161514959999,36.15615469],[-75.8118790359999,36.1407738300001],[-75.8040258449999,36.1213239600001],[-75.7903539699999,36.0992699240001],[-75.7855118479999,36.0816104190001],[-75.804432746,36.0755882830001],[-75.8211563789999,36.0826683610001],[-75.837961392,36.09780508],[-75.863392707,36.127101955],[-75.86839759,36.13666413],[-75.8664444649999,36.1454531920001],[-75.862049934,36.1537132830001],[-75.859689908,36.161566473],[-75.862212694,36.1717796900001],[-75.868072069,36.1830101580001],[-75.8801163399999,36.19912344],[-75.9025772779999,36.2143008480001],[-75.9080704419999,36.219631252],[-75.910308398,36.2261416690001],[-75.911040819,36.240383205],[-75.914296028,36.2468936220001],[-75.928456184,36.2552757830001],[-75.9429825509999,36.260443427],[-75.948231575,36.2691104190001],[-75.93472246,36.287827867],[-75.961740689,36.3069522160001],[-75.9765518869999,36.3140322940001],[-75.996205207,36.315171617],[-75.987172004,36.2998721370001],[-75.976144986,36.2930362000001],[-75.9666641919999,36.2843692080001],[-75.958363411,36.246771552],[-75.951079882,36.2276065120001],[-75.949696418,36.212062893],[-75.9627172519999,36.205959377],[-75.937163866,36.185044664],[-75.92300371,36.1768252620001],[-75.9080704419999,36.1718203800001],[-75.9080704419999,36.164984442],[-75.9788712229999,36.1831729190001],[-75.999623176,36.185451565],[-76.0204158189999,36.1914737000001],[-76.037464973,36.205796617],[-76.061675585,36.236314195],[-76.069650845,36.2415225280001],[-76.087798632,36.245591539],[-76.096099413,36.2506371110001],[-76.113596158,36.2673200540001],[-76.133412239,36.281683661],[-76.1494848299999,36.2889671900001],[-76.202259895,36.301499742],[-76.193430142,36.3058128930001],[-76.186146614,36.3129336610001],[-76.186105924,36.3196475280001],[-76.1988419259999,36.322658596],[-76.208566861,36.317124742],[-76.217396614,36.3052432310001],[-76.222157356,36.293280341],[-76.2193497389999,36.287827867],[-76.196766731,36.283392645],[-76.1743871739999,36.272650458],[-76.154855924,36.259182033],[-76.140858528,36.2468936220001],[-76.124745246,36.223130601],[-76.11440996,36.2111270200001],[-76.090158658,36.200588283],[-76.080230273,36.177150783],[-76.068511523,36.1718203800001],[-76.057362434,36.1687686220001],[-76.06346595,36.1620140650001],[-76.0855606759999,36.1507022160001],[-76.097075976,36.1472842470001],[-76.133412239,36.1444766300001],[-76.133412239,36.1370303410001],[-76.1265763009999,36.1370303410001],[-76.1265763009999,36.130804755],[-76.1580704419999,36.1298281920001],[-76.168120898,36.130804755],[-76.1779679029999,36.134019273],[-76.2093806629999,36.1497256530001],[-76.226185676,36.1727562520001],[-76.232655403,36.1779645850001],[-76.2417699859999,36.1809756530001],[-76.269886848,36.19912344],[-76.2852677069999,36.211818752],[-76.291981575,36.2127139340001],[-76.291656054,36.19912344],[-76.287220832,36.190375067],[-76.2791235019999,36.1814639340001],[-76.2692764959999,36.174546617],[-76.259999153,36.1718203800001],[-76.248646614,36.1633975280001],[-76.213856575,36.123236395],[-76.1954239569999,36.109767971],[-76.1954239569999,36.1035016950001],[-76.220122851,36.0995140650001],[-76.2444962229999,36.1039492860001],[-76.3494360019999,36.141994533],[-76.377430793,36.15623607],[-76.394032356,36.1779645850001],[-76.410389778,36.174302476],[-76.427723762,36.1830101580001],[-76.4454239569999,36.196193752],[-76.4630020819999,36.205959377],[-76.449940559,36.182603257],[-76.4423722,36.172308661],[-76.435047981,36.164984442],[-76.3991593089999,36.1486270200001],[-76.394032356,36.1407738300001],[-76.3831274079999,36.1301130230001],[-76.3578995429999,36.1173770200001],[-76.330148892,36.1070010440001],[-76.311512825,36.1035016950001],[-76.311512825,36.096096096],[-76.4117325509999,36.0829531920001],[-76.428212043,36.0755882830001],[-76.428212043,36.068101304],[-76.4249161449999,36.0677757830001],[-76.414540168,36.068101304],[-76.4359431629999,36.0481631530001],[-76.467640754,36.0309105490001],[-76.500314908,36.018622137],[-76.5244034499999,36.0134951840001],[-76.558705207,36.0114199890001],[-76.5772598949999,36.012396552],[-76.589263476,36.017238674],[-76.617543098,36.0536970070001],[-76.6268204419999,36.0619570980001],[-76.6436661449999,36.0383975280001],[-76.666656054,36.0383975280001],[-76.6870011059999,36.056097723],[-76.7010391919999,36.1105410830001],[-76.724517382,36.1553408870001],[-76.7298477859999,36.1817080750001],[-76.7161759109999,36.2263858090001],[-76.7108048169999,36.236761786],[-76.69652259,36.250433661],[-76.688872851,36.259914455],[-76.6795548169999,36.287543036],[-76.6883438789999,36.3051618510001],[-76.707590299,36.3158633480001],[-76.7298477859999,36.322658596],[-76.72370358,36.311102606],[-76.705677864,36.294134833],[-76.7019750639999,36.284735419],[-76.70421302,36.2715518250001],[-76.710072395,36.2633731140001],[-76.726144986,36.2506371110001],[-76.742909309,36.231634833],[-76.7523087229999,36.2140160180001],[-76.756418424,36.193304755],[-76.7571915359999,36.127101955],[-76.753977017,36.116115627],[-76.7398982409999,36.093329169],[-76.733550585,36.0650902360001],[-76.726063606,36.056219794],[-76.7171117829999,36.0491397160001],[-76.709339973,36.0408389340001],[-76.706654426,36.028794664],[-76.7073868479999,36.0171572940001],[-76.703968879,36.0088565120001],[-76.688872851,36.006659247],[-76.6949763659999,35.992499091],[-76.7298477859999,35.9527041690001],[-76.7298477859999,35.94525788],[-76.591623502,35.9447289080001],[-76.565337694,35.9384219420001],[-76.5579320949999,35.9384219420001],[-76.5256241529999,35.955145575],[-76.4730118479999,35.972357489],[-76.420236783,35.9812686220001],[-76.3872777989999,35.973130601],[-76.3831680979999,35.963120835],[-76.3844294909999,35.95307038],[-76.3870336579999,35.9444033870001],[-76.3872777989999,35.9384219420001],[-76.38019772,35.932033596],[-76.3730362619999,35.934963283],[-76.3643692699999,35.9413516300001],[-76.3531388009999,35.94525788],[-76.3316544259999,35.941839911],[-76.2892146479999,35.9258487],[-76.263742642,35.924750067],[-76.2769669259999,35.93748607],[-76.2979223299999,35.947211005],[-76.306792773,35.9578311220001],[-76.2841690749999,35.973130601],[-76.1954239569999,35.993638414],[-76.099842903,35.99990469],[-76.075917121,35.995021877],[-76.048329231,35.9837100280001],[-76.029367642,35.96869538],[-76.030913866,35.9527041690001],[-76.0530899729999,35.9626325540001],[-76.0640356109999,35.95327383],[-76.0719294909999,35.9185244810001],[-76.0376684239999,35.929103908],[-76.023548957,35.931586005],[-76.0324600899999,35.909654039],[-76.045887825,35.8886172550001],[-76.06358802,35.8736839860001],[-76.0855606759999,35.870103257],[-76.0855606759999,35.8632673200001],[-76.063140429,35.8480492210001],[-76.0511368479999,35.8192406270001],[-76.0563044909999,35.7934024110001],[-76.0855606759999,35.7869326840001],[-76.1124568349999,35.794582424],[-76.124175585,35.794582424],[-76.116607226,35.783880927],[-76.104969856,35.7771670590001],[-76.0892227859999,35.7717959660001],[-76.0726212229999,35.7683779970001],[-76.0582576159999,35.7677676450001],[-76.065093554,35.7677676450001],[-76.0567520819999,35.7615420590001],[-76.047271288,35.7494570980001],[-76.042469856,35.7376976580001],[-76.04800371,35.732367255],[-76.0582576159999,35.7264671900001],[-76.053537564,35.7138125670001],[-76.043283658,35.702053127],[-76.037180142,35.698797919],[-76.0542699859999,35.683905341],[-76.084543424,35.688910223],[-76.1170548169999,35.6988792990001],[-76.140858528,35.698797919],[-76.123605924,35.673529364],[-76.099964973,35.6651878930001],[-76.0727432929999,35.666734117],[-76.044585741,35.671535549],[-76.045399543,35.6682803410001],[-76.044504361,35.66396719],[-76.0418188139999,35.6583519550001],[-76.037180142,35.6510277360001],[-76.030913866,35.6510277360001],[-75.994862434,35.730292059],[-75.9899796209999,35.763983466],[-75.9899796209999,35.8869082700001],[-75.982411262,35.895819403],[-75.949208137,35.9143740910001],[-75.941558398,35.921616929],[-75.934925911,35.924872137],[-75.920399543,35.9127464860001],[-75.900624153,35.8900414080001],[-75.8762914699999,35.8791364600001],[-75.8702286449999,35.8775902360001],[-75.8614395819999,35.8806826840001],[-75.8592423169999,35.8875186220001],[-75.862456835,35.8943545590001],[-75.8825577459999,35.9018008480001],[-75.8937882149999,35.9125023460001],[-75.9026586579999,35.9258487],[-75.9080704419999,35.9384219420001],[-75.887277799,35.934027411],[-75.866037564,35.9264997420001],[-75.8449600899999,35.923244533],[-75.824859179,35.931586005],[-75.8340551419999,35.9386253930001],[-75.8440649079999,35.9429385440001],[-75.8549698559999,35.945054429],[-75.867095507,35.94525788],[-75.860747851,35.9527855490001],[-75.8563126289999,35.9610049500001],[-75.853667773,35.9701195330001],[-75.85285397,35.9799665390001],[-75.8189184239999,35.9605166690001],[-75.790516731,35.9325218770001],[-75.742990689,35.870103257],[-75.742990689,35.8568789730001],[-75.7261449859999,35.83608633],[-75.721831835,35.8291690120001],[-75.722035286,35.8107363950001],[-75.729562955,35.7962914080001],[-75.738433398,35.7828636740001],[-75.742990689,35.7677676450001],[-75.7401016919999,35.758286851],[-75.7262263659999,35.7403832050001],[-75.721831835,35.7261416690001],[-75.720855273,35.705023505],[-75.7249242829999,35.698228257],[-75.7498266269999,35.698797919],[-75.773426887,35.696926174],[-75.773589648,35.6897647160001],[-75.763417121,35.671535549],[-75.740956184,35.643011786],[-75.739613411,35.6326358090001],[-75.753814257,35.611802476],[-75.758290168,35.6072451840001],[-75.764393684,35.6039085960001],[-75.773345507,35.6026065120001],[-75.7823380199999,35.5991885440001],[-75.783355273,35.591131903],[-75.782053189,35.5822207700001],[-75.783924934,35.575913804],[-75.7950333319999,35.570949611],[-75.808338996,35.5688337260001],[-75.839182095,35.568508205],[-75.839182095,35.575913804],[-75.825917121,35.5808779970001],[-75.8186742829999,35.5820987000001],[-75.819569465,35.5861270200001],[-75.820912239,35.5895449890001],[-75.8226212229999,35.592678127],[-75.824859179,35.5957705750001],[-75.849476692,35.5870628930001],[-75.8664444649999,35.5956485050001],[-75.8780411449999,35.614732164],[-75.8863419259999,35.6373558610001],[-75.8943985669999,35.622015692],[-75.8953344389999,35.6045596370001],[-75.894520637,35.5889346370001],[-75.897206184,35.5790469420001],[-75.9544571609999,35.5303408870001],[-75.9593399729999,35.528225002],[-75.9778946609999,35.525213934],[-75.9794001939999,35.51972077],[-75.9765518869999,35.512925523],[-75.975697395,35.507025458],[-75.972808398,35.502142645],[-75.973215299,35.4971377620001],[-75.979156054,35.489691473],[-75.9854223299999,35.4861514340001],[-76.010568814,35.4790713560001],[-76.003325976,35.46503327],[-76.0088598299999,35.456040757],[-76.018422004,35.44916413],[-76.023548957,35.4412295590001],[-76.02464759,35.4273135440001],[-76.0282283189999,35.4193382830001],[-76.034779426,35.4181582700001],[-76.044585741,35.4245059270001],[-76.037180142,35.431341864],[-76.056141731,35.4414737000001],[-76.071034309,35.4272321640001],[-76.075998502,35.4048526060001],[-76.065093554,35.3903262390001],[-76.065093554,35.384182033],[-76.0797419909999,35.3829613300001],[-76.1182755199999,35.372788804],[-76.12999427,35.3661563170001],[-76.142445442,35.3524844420001],[-76.1503800119999,35.347154039],[-76.2181290359999,35.348863023],[-76.235747851,35.3532168640001],[-76.2464493479999,35.372015692],[-76.253488736,35.373724677],[-76.2604874339999,35.3700218770001],[-76.263742642,35.35932038],[-76.268706835,35.3483747420001],[-76.2801814439999,35.3507347680001],[-76.3106583319999,35.3676618510001],[-76.3243302069999,35.3937442080001],[-76.332630989,35.403998114],[-76.355336067,35.4134789080001],[-76.363514778,35.405218817],[-76.363758918,35.3914248720001],[-76.363026496,35.384182033],[-76.355620898,35.377671617],[-76.352406379,35.3635928410001],[-76.357167121,35.349514065],[-76.373605924,35.3431664080001],[-76.379628059,35.3532575540001],[-76.394032356,35.362453518],[-76.402943489,35.3651797550001],[-76.410267707,35.3643252620001],[-76.416167773,35.3660342470001],[-76.4207657539999,35.376695054],[-76.379750129,35.376695054],[-76.379750129,35.384182033],[-76.388498502,35.392320054],[-76.392689582,35.4090029970001],[-76.394032356,35.4412295590001],[-76.402333137,35.4596214860001],[-76.4183243479999,35.4645042990001],[-76.428863085,35.45701732],[-76.4207657539999,35.438177802],[-76.44249427,35.403998114],[-76.454009569,35.4101423200001],[-76.4655655589999,35.411281643],[-76.475819465,35.407294012],[-76.4834692049999,35.3977725280001],[-76.476429817,35.39443594],[-76.4706925119999,35.389797268],[-76.4661759109999,35.3838565120001],[-76.4630020819999,35.376695054],[-76.4983617829999,35.391343492],[-76.5118302069999,35.401027736],[-76.5244034499999,35.4176699890001],[-76.5154516269999,35.4190941430001],[-76.5106501939999,35.4212914080001],[-76.507679817,35.4250348980001],[-76.503895637,35.431341864],[-76.546050585,35.44521719],[-76.560129361,35.4558779970001],[-76.544911262,35.466050523],[-76.544911262,35.4722354190001],[-76.5644425119999,35.4838727890001],[-76.5751847,35.497463283],[-76.5706680979999,35.5086123720001],[-76.544911262,35.5132510440001],[-76.4946996739999,35.506781317],[-76.4778946609999,35.513861395],[-76.4630020819999,35.5411644550001],[-76.488921679,35.5368106140001],[-76.511708137,35.5376651060001],[-76.5579320949999,35.5480410830001],[-76.584950325,35.5497093770001],[-76.605946418,35.542466539],[-76.6473282539999,35.5206973330001],[-76.631988085,35.517482815],[-76.6207576159999,35.5108096370001],[-76.612619595,35.502142645],[-76.606312629,35.4927432310001],[-76.616322395,35.471136786],[-76.619984504,35.466050523],[-76.6057836579999,35.4524600280001],[-76.599191861,35.4477399760001],[-76.592681444,35.444322007],[-76.592681444,35.438177802],[-76.5982559889999,35.435492255],[-76.601063606,35.4323591170001],[-76.6030167309999,35.428656317],[-76.606312629,35.4245059270001],[-76.5963028639999,35.421128648],[-76.5884496739999,35.416896877],[-76.582671679,35.411281643],[-76.579009569,35.403998114],[-76.599761523,35.3950869810001],[-76.628773567,35.3999697940001],[-76.6500138009999,35.4153506530001],[-76.6473282539999,35.438177802],[-76.656605598,35.4366722680001],[-76.664214648,35.4342308610001],[-76.670399543,35.430365302],[-76.675200976,35.4245059270001],[-76.7043350899999,35.430365302],[-76.7584122389999,35.418850002],[-76.7810766269999,35.427883205],[-76.8019913399999,35.4448916690001],[-76.821848111,35.45302969],[-76.873199023,35.4586449240001],[-76.9012751939999,35.465521552],[-76.948963996,35.487982489],[-76.994048632,35.4970563820001],[-77.014149543,35.50775788],[-77.05199134,35.534369208],[-77.0357966789999,35.50385163],[-77.025502082,35.4915225280001],[-77.014149543,35.486558335],[-76.994496223,35.4815941430001],[-76.985015429,35.469224351],[-76.976307746,35.438177802],[-76.9451391269999,35.4524600280001],[-76.903920051,35.443915106],[-76.862904426,35.4240176450001],[-76.832264778,35.403998114],[-76.817046679,35.3963076840001],[-76.7571915359999,35.384182033],[-76.694081184,35.3536644550001],[-76.611643033,35.3377139340001],[-76.520985481,35.3131371110001],[-76.4970597,35.311509507],[-76.4942520819999,35.3009707700001],[-76.487619595,35.2914899760001],[-76.472645637,35.2774112000001],[-76.4703669909999,35.270575262],[-76.480458137,35.253322658],[-76.4834692049999,35.242905992],[-76.492827929,35.2301699890001],[-76.515288866,35.23037344],[-76.565337694,35.239488023],[-76.565337694,35.2333031270001],[-76.5416560539999,35.224351304],[-76.5296117829999,35.2176781270001],[-76.5244034499999,35.2084821640001],[-76.530262825,35.199937242],[-76.54405677,35.2018496770001],[-76.57160397,35.211615302],[-76.5882869129999,35.209133205],[-76.6004125639999,35.201890367],[-76.6093643869999,35.1945254580001],[-76.616566536,35.1911074890001],[-76.631988085,35.1902529970001],[-76.648589648,35.187160549],[-76.6639298169999,35.180894273],[-76.675200976,35.170599677],[-76.6618546209999,35.1668154970001],[-76.619984504,35.1644554710001],[-76.608021614,35.159084377],[-76.598296679,35.15232982],[-76.587310351,35.1497256530001],[-76.57160397,35.156968492],[-76.576527473,35.158880927],[-76.581206835,35.1622582050001],[-76.585845507,35.1644554710001],[-76.585845507,35.170599677],[-76.57160397,35.1780459660001],[-76.554839648,35.1497256530001],[-76.5605362619999,35.1244164080001],[-76.5821020169999,35.10545482],[-76.6131485669999,35.096136786],[-76.607980924,35.0798200540001],[-76.6432999339999,35.0580508480001],[-76.687611457,35.0372582050001],[-76.709339973,35.0235049500001],[-76.7259415359999,35.000555731],[-76.764475064,34.9892031920001],[-76.807769335,34.987250067],[-76.839100715,34.9924990910001],[-76.8736466139999,35.008693752],[-76.9011938139999,35.0272484400001],[-76.9462784499999,35.0685895850001],[-76.9595434239999,35.0750186220001],[-76.996245898,35.087632554],[-77.0433650379999,35.1436221370001],[-77.07933509,35.156968492],[-77.036732551,35.0993106140001],[-77.034901496,35.0886904970001],[-77.015370246,35.0808779970001],[-76.999379036,35.062160549],[-76.976307746,35.0197614600001],[-76.940256314,34.9798037780001],[-76.899159309,34.9640567080001],[-76.854074674,34.9574242210001],[-76.805572069,34.9447289080001],[-76.7708227199999,34.924221096],[-76.766102668,34.917222398],[-76.7619522779999,34.9124209660001],[-76.7571915359999,34.9098981790001],[-76.749989387,34.9115664730001],[-76.739979621,34.9217796900001],[-76.7133682929999,34.92987702],[-76.6957087879999,34.943345445],[-76.678944465,34.959377346],[-76.661529101,34.97260163],[-76.6424454419999,34.9838320980001],[-76.631825325,34.987046617],[-76.619984504,34.986273505],[-76.6105850899999,34.98045482],[-76.60260983,34.9710147160001],[-76.597401496,34.9622256530001],[-76.5960994129999,34.9583194030001],[-76.5784805979999,34.950425523],[-76.555327929,34.9367129580001],[-76.539865689,34.9320742860001],[-76.544911262,34.9514834660001],[-76.566477017,34.9791934270001],[-76.568592903,34.9932315120001],[-76.548247851,34.999335028],[-76.5335994129999,34.999416408],[-76.518299934,34.997300523],[-76.5032445949999,34.9895694030001],[-76.4896134109999,34.97260163],[-76.483631965,34.9871279970001],[-76.4828995429999,35.001654364],[-76.483998176,35.015285549],[-76.4834692049999,35.0272484400001],[-76.4769587879999,35.0410830750001],[-76.465158658,35.059800523],[-76.453765429,35.0733910180001],[-76.448719856,35.0716006530001],[-76.44652259,35.0672061220001],[-76.4371638659999,35.05491771],[-76.435047981,35.0511742210001],[-76.436187304,35.041449286],[-76.441314257,35.025620835],[-76.44249427,35.0166690120001],[-76.424468554,34.9959170590001],[-76.418853319,34.9865176450001],[-76.424143033,34.9808617210001],[-76.45030677,34.9695498720001],[-76.457834439,34.9701602230001],[-76.464344856,34.968451239],[-76.4691462879999,34.9583194030001],[-76.4695531889999,34.9499372420001],[-76.466664192,34.9442813170001],[-76.4618220689999,34.940578518],[-76.456125455,34.9378929710001],[-76.439768033,34.938666083],[-76.396107551,34.9501406920001],[-76.3872777989999,34.9480654970001],[-76.377552864,34.9658063820001],[-76.356271939,34.9719912780001],[-76.334868944,34.973089911],[-76.3251847,34.9757347680001],[-76.3282364569999,34.991156317],[-76.34504147,35.0122744810001],[-76.3531388009999,35.0272484400001],[-76.322173632,35.0199242210001],[-76.3066300119999,35.003119208],[-76.293527799,34.9848086610001],[-76.269886848,34.97260163],[-76.269886848,34.9651553410001],[-76.2794083319999,34.959662177],[-76.293527799,34.9437930360001],[-76.304676887,34.9378929710001],[-76.320464648,34.93748607],[-76.332020637,34.941148179],[-76.3404027989999,34.939683335],[-76.346262174,34.924221096],[-76.3441055979999,34.91404857],[-76.337757942,34.9077822940001],[-76.335682746,34.8994815120001],[-76.346262174,34.883246161],[-76.3548477859999,34.8774274760001],[-76.394032356,34.8627383480001],[-76.395904101,34.868150132],[-76.400257942,34.877590236],[-76.401478645,34.883246161],[-76.407785611,34.883246161],[-76.41120358,34.875677802],[-76.4117325509999,34.8587100280001],[-76.414540168,34.849066473],[-76.4206436839999,34.839544989],[-76.426584439,34.8337263040001],[-76.44249427,34.8217634140001],[-76.475982226,34.787054755],[-76.483021614,34.7826195330001],[-76.490142382,34.779242255],[-76.4971817699999,34.7746035830001],[-76.503895637,34.766546942],[-76.503895637,34.761175848],[-76.500640429,34.755113023],[-76.499094205,34.7481143250001],[-76.503895637,34.739813544],[-76.5127660799999,34.73436107],[-76.522775845,34.731919664],[-76.544911262,34.732407945],[-76.566232877,34.73851146],[-76.5835668609999,34.7512881530001],[-76.5882462229999,34.766587632],[-76.57160397,34.7808291690001],[-76.5933324859999,34.7967796900001],[-76.607533332,34.813910223],[-76.615956184,34.8160667990001],[-76.6221817699999,34.7310244810001],[-76.632964648,34.709173895],[-76.6581925119999,34.721869208],[-76.66510983,34.7415225280001],[-76.6669815749999,34.7677676450001],[-76.671213345,34.7908389340001],[-76.6852107409999,34.80072663],[-76.7097875639999,34.796576239],[-76.7346085279999,34.7858747420001],[-76.7561742829999,34.770819403],[-76.7708227199999,34.7534854190001],[-76.7547908189999,34.75413646],[-76.7457169259999,34.756577867],[-76.7374161449999,34.760687567],[-76.7298477859999,34.766546942],[-76.7080785799999,34.73826732],[-76.7019750639999,34.725572007],[-76.8961075509999,34.739203192],[-76.9285375639999,34.721869208],[-77.072865364,34.6862653670001],[-77.0824275379999,34.6808535830001],[-77.093251106,34.676988023],[-77.1026505199999,34.683254299],[-77.10269121,34.6943220070001],[-77.085519986,34.7051455750001],[-77.1072485019999,34.732407945],[-77.1135961579999,34.755764065],[-77.1134333979999,34.7597110050001],[-77.131703254,34.762396552],[-77.131988085,34.7476260440001],[-77.1247452459999,34.7303734400001],[-77.120269335,34.725572007],[-77.121896939,34.7083194030001],[-77.1277563139999,34.693304755],[-77.136870898,34.682359117],[-77.148264127,34.6771914730001],[-77.1547745429999,34.67991771],[-77.160267707,34.6869570980001],[-77.1664119129999,34.692572333],[-77.1749161449999,34.6914737000001],[-77.175770637,34.684963283],[-77.166981575,34.667141018],[-77.1714981759999,34.663519598],[-77.2015274729999,34.650702216],[-77.2535701159999,34.594387111],[-77.2813614569999,34.581529039],[-77.293446418,34.5784365910001],[-77.3180232409999,34.5642764340001],[-77.3365372389999,34.5611026060001],[-77.356841601,34.577093817],[-77.36046302,34.57819245],[-77.365712043,34.58201732],[-77.4014786449999,34.589056708],[-77.386870898,34.603501695],[-77.343129036,34.631293036],[-77.33315996,34.6498477230001],[-77.3404434889999,34.6609561220001],[-77.378407356,34.7013207050001],[-77.394602017,34.711900132],[-77.394602017,34.718166408],[-77.3780411449999,34.71865469],[-77.3751114569999,34.7243106140001],[-77.381906705,34.732326565],[-77.394602017,34.739813544],[-77.40347246,34.740057684],[-77.4137263659999,34.7378604190001],[-77.424672004,34.7401390650001],[-77.435617642,34.7534854190001],[-77.428456184,34.7012393250001],[-77.421986457,34.684556382],[-77.409169075,34.690904039],[-77.396799283,34.6837832700001],[-77.386789517,34.6701113950001],[-77.380970832,34.656683661],[-77.382435676,34.6320254580001],[-77.397043424,34.620021877],[-77.4138891269999,34.616929429],[-77.421986457,34.619126695],[-77.4261368479999,34.623236395],[-77.435454882,34.6225039730001],[-77.4449763659999,34.6175804710001],[-77.449818489,34.608872789],[-77.4461970689999,34.6008161480001],[-77.437082486,34.589422919],[-77.426503059,34.5791690120001],[-77.418568489,34.574774481],[-77.400624153,34.5711123720001],[-77.383208788,34.562241929],[-77.3755997389999,34.551092841],[-77.387196418,34.5406761740001],[-77.387196418,34.5338402360001],[-77.381825325,34.5305036480001],[-77.3788956369999,34.5271670590001],[-77.38792884,34.522650458],[-77.404042121,34.5176455750001],[-77.4556371739999,34.505316473],[-77.535878059,34.4685733090001],[-77.6683243479999,34.376166083],[-77.7304581369999,34.3158633480001],[-77.785023567,34.2464053410001],[-77.8165583979999,34.2223574890001],[-77.832671679,34.20701732],[-77.844471809,34.1749942080001],[-77.867095507,34.1384138040001],[-77.874419726,34.1222598330001],[-77.8931371739999,34.0120303410001],[-77.9111222,33.9581566430001],[-77.942046679,33.930487372],[-77.933745898,33.9489199890001],[-77.932281054,33.9577497420001],[-77.9358617829999,33.9652367210001],[-77.9358617829999,33.971421617],[-77.9212540359999,34.0010440120001],[-77.9295548169999,34.0798200540001],[-77.9216202459999,34.1085879580001],[-77.940663215,34.147650458],[-77.956288215,34.1911481790001],[-77.962554491,34.1911481790001],[-77.962880012,34.1631533870001],[-77.952300585,34.0917422550001],[-77.942046679,34.0676130230001],[-77.948557095,34.053697007],[-77.9505102199999,34.037176825],[-77.9494522779999,34.0027529970001],[-77.9531957669999,33.9894880230001],[-77.972157356,33.9526227890001],[-78.00894121,33.9046898460001],[-78.017811653,33.8963076840001],[-78.03233802,33.892279364],[-78.049305793,33.893866278],[-78.1395564439999,33.9151878930001],[-78.158680793,33.9168154970001],[-78.213978645,33.9154727230001],[-78.2269180979999,33.920599677],[-78.2525121739999,33.9251162780001],[-78.333485481,33.91010163],[-78.3672582669999,33.9168154970001],[-78.3623754549999,33.9242210960001],[-78.361724413,33.932359117],[-78.3672582669999,33.950913804],[-78.3746638659999,33.950913804],[-78.384917773,33.9225934920001],[-78.4082738919999,33.910549221],[-78.470855273,33.8963076840001],[-78.5589900379999,33.8690453150001],[-78.5501195949999,33.8797875020001],[-78.545399543,33.883286851],[-78.545399543,33.889553127],[-78.573145247,33.8826063640001],[-78.573162885,33.8826212750001],[-78.6387146419999,33.9380411970001],[-78.704241986,33.9934367050001],[-78.769744916,34.0488077990001],[-78.835321088,34.104203307],[-78.900848431,34.159598814],[-78.966375775,34.2149943220001],[-79.0319031189999,34.2703898310001],[-79.097430463,34.325785338],[-79.162957806,34.3811808460001],[-79.2285095639999,34.4365763530001],[-79.2940369079999,34.491971861],[-79.3595642519999,34.547367369],[-79.42511601,34.602762877],[-79.4906433529999,34.658158385],[-79.556170697,34.7135783070001],[-79.621722455,34.7689494],[-79.6535095639999,34.7957316270001],[-79.6734802669999,34.801273619],[-79.703802533,34.8058146350001],[-79.741180463,34.8064982280001],[-79.7523376889999,34.8067667830001],[-79.7839539,34.807279478],[-79.833074994,34.8082072130001],[-79.896746869,34.809403502],[-79.972088666,34.810795103],[-80.056219525,34.812357603],[-80.1461365169999,34.813993347],[-80.239007611,34.8157511580001],[-80.3318542909999,34.8174845570001],[-80.4217956969999,34.8191691270001],[-80.505902142,34.820707213],[-80.581219525,34.822123228],[-80.6449158139999,34.823270689],[-80.6940124939999,34.82417401],[-80.7256287049999,34.8247599470001],[-80.736785931,34.82495526],[-80.7762390559999,34.8257365100001],[-80.784027142,34.8275919780001],[-80.7901794859999,34.832718932],[-80.792279096,34.8389933460001],[-80.792645306,34.84592694],[-80.7886413999999,34.9492960800001],[-80.78942265,34.955741393],[-80.792913861,34.961747253],[-80.836590619,35.009330261],[-80.8904968689999,35.0680949080001],[-80.927117963,35.108133971],[-80.930389447,35.1110880730001],[-80.933636517,35.1126505720001],[-80.9380310489999,35.1129923690001],[-80.944866986,35.1099650250001],[-81.0277038999999,35.061283385],[-81.033319135,35.0598185410001],[-81.0384949159999,35.0599650250001],[-81.045208783,35.064579283],[-81.048968549,35.069071471],[-81.0523132749999,35.0738810410001],[-81.053729291,35.078617369],[-81.054705853,35.0831339710001],[-81.0543152279999,35.0872111190001],[-81.05348515,35.0908244],[-81.051995892,35.0949747910001],[-81.0406921809999,35.1140665890001],[-81.0383972599999,35.1191935410001],[-81.0378601499999,35.124515807],[-81.0382263609999,35.1298136580001],[-81.0396179629999,35.134769713],[-81.041864056,35.138822447],[-81.0447449159999,35.142777525],[-81.048455853,35.146341978],[-81.0526062439999,35.1495890490001],[-81.061004681,35.1522257680001],[-81.0735290959999,35.1542033070001],[-81.135321088,35.1567667830001],[-81.1866394469999,35.158939635],[-81.250018353,35.1616740100001],[-81.3233581969999,35.16479901],[-81.404461713,35.168241393],[-81.4912781189999,35.1719767450001],[-81.581658978,35.175785338],[-81.673529096,35.1797160020001],[-81.764715619,35.183597838],[-81.8531189389999,35.1873576030001],[-81.9365906189999,35.1909220570001],[-82.013055463,35.194193541],[-82.0803650329999,35.197025572],[-82.1363708919999,35.199466978],[-82.17902226,35.2012736190001],[-82.206195111,35.2024454940001],[-82.21574101,35.202811705],[-82.2872009709999,35.205887878],[-82.3628113219999,35.20007733],[-82.367132611,35.2012736190001],[-82.370819135,35.2034220570001],[-82.373284955,35.2059122910001],[-82.377728314,35.21191815],[-82.380804486,35.2150675640001],[-82.3844421809999,35.2178507680001],[-82.3912292909999,35.2183146350001],[-82.3982605409999,35.216166197],[-82.413079877,35.208133971],[-82.419696088,35.20308026],[-82.4245056579999,35.1974650250001],[-82.429998822,35.1826701030001],[-82.435125775,35.178568541],[-82.442840619,35.1762980330001],[-82.4788757749999,35.1761027210001],[-82.485345502,35.1738810410001],[-82.492987103,35.1685343610001],[-82.497723431,35.164310728],[-82.502996869,35.162089049],[-82.510565228,35.160697447],[-82.527905404,35.160450236],[-82.525815683,35.163541837],[-82.488005452,35.218618877],[-82.446307549,35.27791223],[-82.4012163529999,35.3400350610001],[-82.3532301799999,35.403601295],[-82.3028520129999,35.46722576],[-82.250590046,35.5295243080001],[-82.1969580519999,35.5891138800001],[-82.142475561,35.644612549],[-82.087667851,35.694639518],[-82.033065744,35.737815093],[-81.979205204,35.772760614],[-81.926626731,35.7980983610001],[-81.8400967809999,35.8412800690001],[-81.781862033,35.8760097550001],[-81.714584529,35.919251624],[-81.638961758,35.9708194260001],[-81.555688123,36.0305267850001],[-81.511398617,36.063374647],[-81.46545587,36.0981877050001],[-81.4179462229999,36.134942842],[-81.368955996,36.173617021],[-81.318571511,36.2141872930001],[-81.266879116,36.2566308150001],[-81.213965217,36.300924851],[-81.1599162959999,36.3470467930001],[-81.104818939,36.39497416],[-81.048759863,36.444684615],[-80.9918259309999,36.496155969],[-80.934104186,36.5493661910001],[-80.91704304,36.5654106970001],[-80.883441205,36.564945494],[-80.814666791,36.5640177610001],[-80.745892377,36.5630900250001],[-80.677117963,36.562162291],[-80.603680463,36.5593790880001],[-80.530242963,36.556571471],[-80.456805463,36.5537638530001],[-80.3833679629999,36.55098065],[-80.3099304629999,36.548173033],[-80.236492963,36.545365417],[-80.1630554629999,36.542582213]]]]},"properties":{"NAME":"North Carolina","NAME_LONG":"North Carolina","ABBREV":"N.C."}}]}